Id,EntryTime,ExitTime,EntryPrice,ExitPrice,Qty,TradePL,BaseStrategy,EntrySide,HoldMins,Commission,NetPL,GrossPL,Direction,Session
2,,2024-11-27 08:15:00,,,-1.0,23.75,EMA_Inversion_33,Sell to Close,,4.04,19.71,23.75,Unknown,Unknown
4,,2024-11-27 10:45:00,,,1.0,77.5,SuperSignal_v6,Buy to Close,,4.04,73.46,77.5,Unknown,Unknown
6,,2024-11-27 15:45:00,,,1.0,27.5,SuperSignal_v6,Buy to Close,,4.04,23.46,27.5,Unknown,Unknown
8,,2024-11-28 05:00:00,,,-1.0,15.0,EMA_Inversion_33,Sell to Close,,4.04,10.96,15.0,Unknown,Unknown
10,,2024-11-28 09:30:00,,,1.0,-8.75,EMA_Inversion_33,Buy to Close,,4.04,-12.79,-8.75,Unknown,Unknown
12,,2024-11-28 10:45:00,,,-1.0,31.25,SuperSignal_v6,Sell to Close,,4.04,27.21,31.25,Unknown,Unknown
14,,2024-11-28 18:15:00,,,-1.0,-15.0,SuperSignal_v6,Sell to Close,,4.04,-19.04,-15.0,Unknown,Unknown
16,,2024-11-29 04:30:00,,,-1.0,26.25,EMA_Inversion_33,Sell to Close,,4.04,22.21,26.25,Unknown,Unknown
18,,2024-11-29 07:45:00,,,1.0,30.0,EMA_Inversion_33,Buy to Close,,4.04,25.96,30.0,Unknown,Unknown
20,,2024-11-29 09:30:00,,,-1.0,-32.5,EMA_Inversion_33,Sell to Close,,4.04,-36.54,-32.5,Unknown,Unknown
22,,2024-12-02 03:30:00,,,1.0,-88.75,EMA_Inversion_33,Buy to Close,,4.04,-92.79,-88.75,Unknown,Unknown
24,,2024-12-02 05:15:00,,,-1.0,8.75,EMA_Inversion_33,Sell to Close,,4.04,4.71,8.75,Unknown,Unknown
26,,2024-12-02 09:30:00,,,1.0,-72.5,EMA_Inversion_33,Buy to Close,,4.04,-76.54,-72.5,Unknown,Unknown
28,,2024-12-02 14:15:00,,,-1.0,10.0,SuperSignal_v6,Sell to Close,,4.04,5.96,10.0,Unknown,Unknown
30,,2024-12-02 15:30:00,,,-1.0,31.25,SuperSignal_v6,Sell to Close,,4.04,27.21,31.25,Unknown,Unknown
32,,2024-12-03 08:15:00,,,-1.0,11.25,EMA_Inversion_33,Sell to Close,,4.04,7.21,11.25,Unknown,Unknown
34,,2024-12-03 09:15:00,,,1.0,43.75,EMA_Inversion_33,Buy to Close,,4.04,39.71,43.75,Unknown,Unknown
36,,2024-12-03 16:15:00,,,-1.0,56.25,SuperSignal_v6,Sell to Close,,4.04,52.21,56.25,Unknown,Unknown
38,,2024-12-04 10:45:00,,,1.0,-65.0,SuperSignal_v6,Buy to Close,,4.04,-69.04,-65.0,Unknown,Unknown
40,,2024-12-04 13:30:00,,,-1.0,-27.5,SuperSignal_v6,Sell to Close,,4.04,-31.54,-27.5,Unknown,Unknown
42,,2024-12-04 15:15:00,,,-1.0,42.5,SuperSignal_v6,Sell to Close,,4.04,38.46,42.5,Unknown,Unknown
44,,2024-12-05 09:30:00,,,1.0,-7.5,EMA_Inversion_33,Buy to Close,,4.04,-11.54,-7.5,Unknown,Unknown
46,,2024-12-05 13:30:00,,,-1.0,-10.0,SuperSignal_v6,Sell to Close,,4.04,-14.04,-10.0,Unknown,Unknown
48,,2024-12-05 16:30:00,,,1.0,53.75,SuperSignal_v6,Buy to Close,,4.04,49.71,53.75,Unknown,Unknown
50,,2024-12-06 05:15:00,,,1.0,20.0,EMA_Inversion_33,Buy to Close,,4.04,15.96,20.0,Unknown,Unknown
52,,2024-12-06 08:45:00,,,-1.0,63.75,EMA_Inversion_33,Sell to Close,,4.04,59.71,63.75,Unknown,Unknown
54,,2024-12-06 13:15:00,,,1.0,-32.5,SuperSignal_v6,Buy to Close,,4.04,-36.54,-32.5,Unknown,Unknown
56,,2024-12-06 16:00:00,,,1.0,-38.75,SuperSignal_v6,Buy to Close,,4.04,-42.79,-38.75,Unknown,Unknown
58,,2024-12-09 05:45:00,,,1.0,52.5,EMA_Inversion_33,Buy to Close,,4.04,48.46,52.5,Unknown,Unknown
60,,2024-12-10 05:30:00,,,-1.0,-135.0,EMA_Inversion_33,Sell to Close,,4.04,-139.04,-135.0,Unknown,Unknown
62,,2024-12-10 09:30:00,,,1.0,-28.75,EMA_Inversion_33,Buy to Close,,4.04,-32.79,-28.75,Unknown,Unknown
64,,2024-12-10 11:15:00,,,-1.0,-37.5,SuperSignal_v6,Sell to Close,,4.04,-41.54,-37.5,Unknown,Unknown
66,,2024-12-10 15:15:00,,,1.0,37.5,SuperSignal_v6,Buy to Close,,4.04,33.46,37.5,Unknown,Unknown
68,,2024-12-11 09:30:00,,,1.0,-113.75,EMA_Inversion_33,Buy to Close,,4.04,-117.79,-113.75,Unknown,Unknown
70,,2024-12-11 11:45:00,,,-1.0,101.25,SuperSignal_v6,Sell to Close,,4.04,97.21,101.25,Unknown,Unknown
72,,2024-12-11 16:00:00,,,-1.0,-28.75,SuperSignal_v6,Sell to Close,,4.04,-32.79,-28.75,Unknown,Unknown
74,,2024-12-12 12:00:00,,,-1.0,-50.0,SuperSignal_v6,Sell to Close,,4.04,-54.04,-50.0,Unknown,Unknown
76,,2024-12-12 14:00:00,,,-1.0,-51.25,SuperSignal_v6,Sell to Close,,4.04,-55.29,-51.25,Unknown,Unknown
78,,2024-12-13 10:45:00,,,1.0,70.0,SuperSignal_v6,Buy to Close,,4.04,65.96,70.0,Unknown,Unknown
80,,2024-12-16 09:30:00,,,1.0,-70.0,EMA_Inversion_33,Buy to Close,,4.04,-74.04,-70.0,Unknown,Unknown
82,,2024-12-16 16:00:00,,,-1.0,53.75,SuperSignal_v6,Sell to Close,,4.04,49.71,53.75,Unknown,Unknown
84,,2024-12-17 09:30:00,,,-1.0,-28.75,EMA_Inversion_33,Sell to Close,,4.04,-32.79,-28.75,Unknown,Unknown
86,,2024-12-17 11:15:00,,,1.0,-16.25,SuperSignal_v6,Buy to Close,,4.04,-20.29,-16.25,Unknown,Unknown
88,,2024-12-17 14:30:00,,,-1.0,-63.75,SuperSignal_v6,Sell to Close,,4.04,-67.79,-63.75,Unknown,Unknown
90,,2024-12-17 15:45:00,,,1.0,-33.75,SuperSignal_v6,Buy to Close,,4.04,-37.79,-33.75,Unknown,Unknown
92,,2024-12-18 09:00:00,,,1.0,33.75,EMA_Inversion_33,Buy to Close,,4.04,29.71,33.75,Unknown,Unknown
94,,2024-12-18 09:30:00,,,-1.0,-40.0,EMA_Inversion_33,Sell to Close,,4.04,-44.04,-40.0,Unknown,Unknown
96,,2024-12-18 15:00:00,,,1.0,317.5,SuperSignal_v6,Buy to Close,,4.04,313.46,317.5,Unknown,Unknown
98,,2024-12-19 06:00:00,,,1.0,1.25,EMA_Inversion_33,Buy to Close,,4.04,-2.79,1.25,Unknown,Unknown
100,,2024-12-19 06:15:00,,,-1.0,18.75,EMA_Inversion_33,Sell to Close,,4.04,14.71,18.75,Unknown,Unknown
102,,2024-12-19 09:00:00,,,1.0,-72.5,EMA_Inversion_33,Buy to Close,,4.04,-76.54,-72.5,Unknown,Unknown
104,,2024-12-19 09:15:00,,,-1.0,32.5,EMA_Inversion_33,Sell to Close,,4.04,28.46,32.5,Unknown,Unknown
106,,2024-12-19 09:30:00,,,1.0,-13.75,EMA_Inversion_33,Buy to Close,,4.04,-17.79,-13.75,Unknown,Unknown
108,,2024-12-20 06:15:00,,,-1.0,-487.5,EMA_Inversion_33,Sell to Close,,4.04,-491.54,-487.5,Unknown,Unknown
110,,2024-12-20 06:30:00,,,1.0,16.25,EMA_Inversion_33,Buy to Close,,4.04,12.21,16.25,Unknown,Unknown
112,,2024-12-20 07:45:00,,,-1.0,-22.5,EMA_Inversion_33,Sell to Close,,4.04,-26.54,-22.5,Unknown,Unknown
114,,2024-12-20 08:15:00,,,1.0,6.25,EMA_Inversion_33,Buy to Close,,4.04,2.21,6.25,Unknown,Unknown
116,,2024-12-20 08:45:00,,,-1.0,117.5,EMA_Inversion_33,Sell to Close,,4.04,113.46,117.5,Unknown,Unknown
118,,2024-12-20 09:30:00,,,1.0,-8.75,EMA_Inversion_33,Buy to Close,,4.04,-12.79,-8.75,Unknown,Unknown
120,,2024-12-20 10:45:00,,,-1.0,280.0,SuperSignal_v6,Sell to Close,,4.04,275.96,280.0,Unknown,Unknown
122,,2024-12-20 15:30:00,,,-1.0,-91.25,SuperSignal_v6,Sell to Close,,4.04,-95.29,-91.25,Unknown,Unknown
124,,2024-12-23 07:30:00,,,-1.0,-51.25,EMA_Inversion_33,Sell to Close,,4.04,-55.29,-51.25,Unknown,Unknown
126,,2024-12-23 08:15:00,,,1.0,18.75,EMA_Inversion_33,Buy to Close,,4.04,14.71,18.75,Unknown,Unknown
128,,2024-12-23 14:30:00,,,-1.0,150.0,SuperSignal_v6,Sell to Close,,4.04,145.96,150.0,Unknown,Unknown
130,,2024-12-23 15:45:00,,,-1.0,60.0,SuperSignal_v6,Sell to Close,,4.04,55.96,60.0,Unknown,Unknown
132,,2024-12-26 03:15:00,,,1.0,-296.25,EMA_Inversion_33,Buy to Close,,4.04,-300.29,-296.25,Unknown,Unknown
134,,2024-12-26 07:30:00,,,-1.0,-85.0,EMA_Inversion_33,Sell to Close,,4.04,-89.04,-85.0,Unknown,Unknown
136,,2024-12-26 07:45:00,,,1.0,15.0,EMA_Inversion_33,Buy to Close,,4.04,10.96,15.0,Unknown,Unknown
138,,2024-12-26 12:30:00,,,-1.0,146.25,SuperSignal_v6,Sell to Close,,4.04,142.21,146.25,Unknown,Unknown
140,,2024-12-26 18:00:00,,,-1.0,-38.75,SuperSignal_v6,Sell to Close,,4.04,-42.79,-38.75,Unknown,Unknown
142,,2024-12-27 09:30:00,,,-1.0,-107.5,EMA_Inversion_33,Sell to Close,,4.04,-111.54,-107.5,Unknown,Unknown
144,,2024-12-27 12:30:00,,,1.0,333.75,SuperSignal_v6,Buy to Close,,4.04,329.71,333.75,Unknown,Unknown
146,,2024-12-27 16:00:00,,,1.0,-90.0,SuperSignal_v6,Buy to Close,,4.04,-94.04,-90.0,Unknown,Unknown
148,,2024-12-30 06:30:00,,,-1.0,22.5,EMA_Inversion_33,Sell to Close,,4.04,18.46,22.5,Unknown,Unknown
150,,2024-12-30 07:15:00,,,1.0,35.0,EMA_Inversion_33,Buy to Close,,4.04,30.96,35.0,Unknown,Unknown
152,,2024-12-30 16:00:00,,,-1.0,-236.25,SuperSignal_v6,Sell to Close,,4.04,-240.29,-236.25,Unknown,Unknown
154,,2024-12-31 04:15:00,,,-1.0,80.0,EMA_Inversion_33,Sell to Close,,4.04,75.96,80.0,Unknown,Unknown
156,,2024-12-31 12:45:00,,,1.0,207.5,SuperSignal_v6,Buy to Close,,4.04,203.46,207.5,Unknown,Unknown
158,,2025-01-01 18:00:00,,,1.0,-2.5,SuperSignal_v6,Buy to Close,,4.04,-6.54,-2.5,Unknown,Unknown
160,,2025-01-02 03:30:00,,,1.0,81.25,EMA_Inversion_33,Buy to Close,,4.04,77.21,81.25,Unknown,Unknown
162,,2025-01-02 04:00:00,,,-1.0,32.5,EMA_Inversion_33,Sell to Close,,4.04,28.46,32.5,Unknown,Unknown
164,,2025-01-02 09:15:00,,,1.0,-38.75,EMA_Inversion_33,Buy to Close,,4.04,-42.79,-38.75,Unknown,Unknown
166,,2025-01-02 10:30:00,,,-1.0,-121.25,SuperSignal_v6,Sell to Close,,4.04,-125.29,-121.25,Unknown,Unknown
168,,2025-01-02 13:00:00,,,1.0,167.5,SuperSignal_v6,Buy to Close,,4.04,163.46,167.5,Unknown,Unknown
170,,2025-01-02 15:45:00,,,1.0,-125.0,SuperSignal_v6,Buy to Close,,4.04,-129.04,-125.0,Unknown,Unknown
172,,2025-01-03 06:45:00,,,1.0,37.5,EMA_Inversion_33,Buy to Close,,4.04,33.46,37.5,Unknown,Unknown
174,,2025-01-03 08:30:00,,,-1.0,38.75,EMA_Inversion_33,Sell to Close,,4.04,34.71,38.75,Unknown,Unknown
176,,2025-01-03 09:30:00,,,1.0,-42.5,EMA_Inversion_33,Buy to Close,,4.04,-46.54,-42.5,Unknown,Unknown
178,,2025-01-03 14:45:00,,,-1.0,255.0,SuperSignal_v6,Sell to Close,,4.04,250.96,255.0,Unknown,Unknown
180,,2025-01-06 15:00:00,,,1.0,-41.25,SuperSignal_v6,Buy to Close,,4.04,-45.29,-41.25,Unknown,Unknown
182,,2025-01-07 03:45:00,,,-1.0,47.5,EMA_Inversion_33,Sell to Close,,4.04,43.46,47.5,Unknown,Unknown
184,,2025-01-07 09:30:00,,,1.0,-90.0,EMA_Inversion_33,Buy to Close,,4.04,-94.04,-90.0,Unknown,Unknown
186,,2025-01-08 04:15:00,,,-1.0,-357.5,EMA_Inversion_33,Sell to Close,,4.04,-361.54,-357.5,Unknown,Unknown
188,,2025-01-08 06:30:00,,,1.0,48.75,EMA_Inversion_33,Buy to Close,,4.04,44.71,48.75,Unknown,Unknown
190,,2025-01-08 07:00:00,,,-1.0,-31.25,EMA_Inversion_33,Sell to Close,,4.04,-35.29,-31.25,Unknown,Unknown
192,,2025-01-08 07:15:00,,,1.0,58.75,EMA_Inversion_33,Buy to Close,,4.04,54.71,58.75,Unknown,Unknown
194,,2025-01-08 08:30:00,,,-1.0,47.5,EMA_Inversion_33,Sell to Close,,4.04,43.46,47.5,Unknown,Unknown
196,,2025-01-08 08:45:00,,,1.0,20.0,EMA_Inversion_33,Buy to Close,,4.04,15.96,20.0,Unknown,Unknown
198,,2025-01-08 09:00:00,,,-1.0,56.25,EMA_Inversion_33,Sell to Close,,4.04,52.21,56.25,Unknown,Unknown
200,,2025-01-08 09:15:00,,,1.0,40.0,EMA_Inversion_33,Buy to Close,,4.04,35.96,40.0,Unknown,Unknown
202,,2025-01-08 12:15:00,,,-1.0,-65.0,SuperSignal_v6,Sell to Close,,4.04,-69.04,-65.0,Unknown,Unknown
204,,2025-01-08 13:15:00,,,1.0,-122.5,SuperSignal_v6,Buy to Close,,4.04,-126.54,-122.5,Unknown,Unknown
206,,2025-01-08 18:00:00,,,-1.0,-10.0,SuperSignal_v6,Sell to Close,,4.04,-14.04,-10.0,Unknown,Unknown
208,,2025-01-09 07:30:00,,,1.0,41.25,EMA_Inversion_33,Buy to Close,,4.04,37.21,41.25,Unknown,Unknown
210,,2025-01-09 08:15:00,,,-1.0,40.0,EMA_Inversion_33,Sell to Close,,4.04,35.96,40.0,Unknown,Unknown
212,,2025-01-09 09:15:00,,,1.0,63.75,EMA_Inversion_33,Buy to Close,,4.04,59.71,63.75,Unknown,Unknown
214,,2025-01-10 03:15:00,,,-1.0,40.0,EMA_Inversion_33,Sell to Close,,4.04,35.96,40.0,Unknown,Unknown
216,,2025-01-10 04:45:00,,,1.0,52.5,EMA_Inversion_33,Buy to Close,,4.04,48.46,52.5,Unknown,Unknown
218,,2025-01-10 05:45:00,,,-1.0,55.0,EMA_Inversion_33,Sell to Close,,4.04,50.96,55.0,Unknown,Unknown
220,,2025-01-10 07:15:00,,,1.0,43.75,EMA_Inversion_33,Buy to Close,,4.04,39.71,43.75,Unknown,Unknown
222,,2025-01-10 07:45:00,,,-1.0,41.25,EMA_Inversion_33,Sell to Close,,4.04,37.21,41.25,Unknown,Unknown
224,,2025-01-10 08:45:00,,,1.0,210.0,EMA_Inversion_33,Buy to Close,,4.04,205.96,210.0,Unknown,Unknown
226,,2025-01-10 09:15:00,,,-1.0,43.75,EMA_Inversion_33,Sell to Close,,4.04,39.71,43.75,Unknown,Unknown
228,,2025-01-10 13:30:00,,,1.0,78.75,SuperSignal_v6,Buy to Close,,4.04,74.71,78.75,Unknown,Unknown
230,,2025-01-12 18:00:00,,,1.0,106.25,SuperSignal_v6,Buy to Close,,4.04,102.21,106.25,Unknown,Unknown
232,,2025-01-13 07:45:00,,,-1.0,16.25,EMA_Inversion_33,Sell to Close,,4.04,12.21,16.25,Unknown,Unknown
234,,2025-01-14 07:00:00,,,1.0,-320.0,EMA_Inversion_33,Buy to Close,,4.04,-324.04,-320.0,Unknown,Unknown
236,,2025-01-14 08:45:00,,,-1.0,18.75,EMA_Inversion_33,Sell to Close,,4.04,14.71,18.75,Unknown,Unknown
238,,2025-01-14 12:00:00,,,1.0,251.25,SuperSignal_v6,Buy to Close,,4.04,247.21,251.25,Unknown,Unknown
240,,2025-01-14 16:15:00,,,1.0,-100.0,SuperSignal_v6,Buy to Close,,4.04,-104.04,-100.0,Unknown,Unknown
242,,2025-01-15 09:30:00,,,1.0,-397.5,EMA_Inversion_33,Buy to Close,,4.04,-401.54,-397.5,Unknown,Unknown
244,,2025-01-15 11:45:00,,,-1.0,-31.25,SuperSignal_v6,Sell to Close,,4.04,-35.29,-31.25,Unknown,Unknown
246,,2025-01-15 14:30:00,,,-1.0,67.5,SuperSignal_v6,Sell to Close,,4.04,63.46,67.5,Unknown,Unknown
248,,2025-01-16 04:45:00,,,1.0,62.5,EMA_Inversion_33,Buy to Close,,4.04,58.46,62.5,Unknown,Unknown
250,,2025-01-16 05:30:00,,,-1.0,48.75,EMA_Inversion_33,Sell to Close,,4.04,44.71,48.75,Unknown,Unknown
252,,2025-01-16 07:30:00,,,1.0,53.75,EMA_Inversion_33,Buy to Close,,4.04,49.71,53.75,Unknown,Unknown
254,,2025-01-17 03:30:00,,,-1.0,-61.25,EMA_Inversion_33,Sell to Close,,4.04,-65.29,-61.25,Unknown,Unknown
256,,2025-01-20 07:15:00,,,1.0,-235.0,EMA_Inversion_33,Buy to Close,,4.04,-239.04,-235.0,Unknown,Unknown
258,,2025-01-20 08:45:00,,,-1.0,65.0,EMA_Inversion_33,Sell to Close,,4.04,60.96,65.0,Unknown,Unknown
260,,2025-01-20 09:30:00,,,1.0,-92.5,EMA_Inversion_33,Buy to Close,,4.04,-96.54,-92.5,Unknown,Unknown
262,,2025-01-21 03:15:00,,,-1.0,-95.0,EMA_Inversion_33,Sell to Close,,4.04,-99.04,-95.0,Unknown,Unknown
264,,2025-01-21 09:30:00,,,1.0,-96.25,EMA_Inversion_33,Buy to Close,,4.04,-100.29,-96.25,Unknown,Unknown
266,,2025-01-21 13:30:00,,,-1.0,112.5,SuperSignal_v6,Sell to Close,,4.04,108.46,112.5,Unknown,Unknown
268,,2025-01-21 16:15:00,,,-1.0,41.25,SuperSignal_v6,Sell to Close,,4.04,37.21,41.25,Unknown,Unknown
270,,2025-01-22 09:30:00,,,1.0,-63.75,EMA_Inversion_33,Buy to Close,,4.04,-67.79,-63.75,Unknown,Unknown
272,,2025-01-22 14:15:00,,,-1.0,48.75,SuperSignal_v6,Sell to Close,,4.04,44.71,48.75,Unknown,Unknown
274,,2025-01-22 16:00:00,,,-1.0,-35.0,SuperSignal_v6,Sell to Close,,4.04,-39.04,-35.0,Unknown,Unknown
276,,2025-01-23 07:30:00,,,-1.0,47.5,EMA_Inversion_33,Sell to Close,,4.04,43.46,47.5,Unknown,Unknown
278,,2025-01-23 09:30:00,,,1.0,-3.75,EMA_Inversion_33,Buy to Close,,4.04,-7.79,-3.75,Unknown,Unknown
280,,2025-01-23 11:30:00,,,-1.0,78.75,SuperSignal_v6,Sell to Close,,4.04,74.71,78.75,Unknown,Unknown
282,,2025-01-23 16:00:00,,,-1.0,36.25,SuperSignal_v6,Sell to Close,,4.04,32.21,36.25,Unknown,Unknown
284,,2025-01-24 08:00:00,,,-1.0,8.75,EMA_Inversion_33,Sell to Close,,4.04,4.71,8.75,Unknown,Unknown
286,,2025-01-24 08:45:00,,,1.0,23.75,EMA_Inversion_33,Buy to Close,,4.04,19.71,23.75,Unknown,Unknown
288,,2025-01-24 09:30:00,,,-1.0,53.75,EMA_Inversion_33,Sell to Close,,4.04,49.71,53.75,Unknown,Unknown
290,,2025-01-24 13:00:00,,,1.0,60.0,SuperSignal_v6,Buy to Close,,4.04,55.96,60.0,Unknown,Unknown
292,,2025-01-27 06:00:00,,,-1.0,-285.0,EMA_Inversion_33,Sell to Close,,4.04,-289.04,-285.0,Unknown,Unknown
294,,2025-01-27 06:30:00,,,1.0,-30.0,EMA_Inversion_33,Buy to Close,,4.04,-34.04,-30.0,Unknown,Unknown
296,,2025-01-27 07:15:00,,,-1.0,73.75,EMA_Inversion_33,Sell to Close,,4.04,69.71,73.75,Unknown,Unknown
298,,2025-01-27 09:15:00,,,1.0,-28.75,EMA_Inversion_33,Buy to Close,,4.04,-32.79,-28.75,Unknown,Unknown
300,,2025-01-27 09:30:00,,,-1.0,-8.75,EMA_Inversion_33,Sell to Close,,4.04,-12.79,-8.75,Unknown,Unknown
302,,2025-01-28 07:00:00,,,1.0,-308.75,EMA_Inversion_33,Buy to Close,,4.04,-312.79,-308.75,Unknown,Unknown
304,,2025-01-28 08:15:00,,,-1.0,0.0,EMA_Inversion_33,Sell to Close,,4.04,-4.04,0.0,Unknown,Unknown
306,,2025-01-28 08:45:00,,,1.0,33.75,EMA_Inversion_33,Buy to Close,,4.04,29.71,33.75,Unknown,Unknown
308,,2025-01-28 13:30:00,,,-1.0,228.75,SuperSignal_v6,Sell to Close,,4.04,224.71,228.75,Unknown,Unknown
310,,2025-01-28 15:00:00,,,-1.0,58.75,SuperSignal_v6,Sell to Close,,4.04,54.71,58.75,Unknown,Unknown
312,,2025-01-29 05:30:00,,,1.0,33.75,EMA_Inversion_33,Buy to Close,,4.04,29.71,33.75,Unknown,Unknown
314,,2025-01-29 06:45:00,,,-1.0,25.0,EMA_Inversion_33,Sell to Close,,4.04,20.96,25.0,Unknown,Unknown
316,,2025-01-29 07:30:00,,,1.0,25.0,EMA_Inversion_33,Buy to Close,,4.04,20.96,25.0,Unknown,Unknown
318,,2025-01-29 09:30:00,,,-1.0,-55.0,EMA_Inversion_33,Sell to Close,,4.04,-59.04,-55.0,Unknown,Unknown
320,,2025-01-29 13:15:00,,,1.0,143.75,SuperSignal_v6,Buy to Close,,4.04,139.71,143.75,Unknown,Unknown
322,,2025-01-30 05:00:00,,,1.0,25.0,EMA_Inversion_33,Buy to Close,,4.04,20.96,25.0,Unknown,Unknown
324,,2025-01-30 10:15:00,,,-1.0,-37.5,SuperSignal_v6,Sell to Close,,4.04,-41.54,-37.5,Unknown,Unknown
326,,2025-01-30 14:00:00,,,1.0,-120.0,SuperSignal_v6,Buy to Close,,4.04,-124.04,-120.0,Unknown,Unknown
328,,2025-01-31 09:15:00,,,1.0,35.0,EMA_Inversion_33,Buy to Close,,4.04,30.96,35.0,Unknown,Unknown
330,,2025-01-31 10:45:00,,,-1.0,108.75,SuperSignal_v6,Sell to Close,,4.04,104.71,108.75,Unknown,Unknown
332,,2025-01-31 14:15:00,,,1.0,98.75,SuperSignal_v6,Buy to Close,,4.04,94.71,98.75,Unknown,Unknown
334,,2025-02-03 03:30:00,,,1.0,-28.75,EMA_Inversion_33,Buy to Close,,4.04,-32.79,-28.75,Unknown,Unknown
336,,2025-02-03 04:00:00,,,-1.0,6.25,EMA_Inversion_33,Sell to Close,,4.04,2.21,6.25,Unknown,Unknown
338,,2025-02-03 07:00:00,,,1.0,20.0,EMA_Inversion_33,Buy to Close,,4.04,15.96,20.0,Unknown,Unknown
340,,2025-02-03 08:15:00,,,-1.0,7.5,EMA_Inversion_33,Sell to Close,,4.04,3.46,7.5,Unknown,Unknown
342,,2025-02-03 10:30:00,,,1.0,0.0,SuperSignal_v6,Buy to Close,,4.04,-4.04,0.0,Unknown,Unknown
344,,2025-02-03 14:30:00,,,-1.0,127.5,SuperSignal_v6,Sell to Close,,4.04,123.46,127.5,Unknown,Unknown
346,,2025-02-04 04:15:00,,,-1.0,-2.5,EMA_Inversion_33,Sell to Close,,4.04,-6.54,-2.5,Unknown,Unknown
348,,2025-02-04 04:45:00,,,1.0,20.0,EMA_Inversion_33,Buy to Close,,4.04,15.96,20.0,Unknown,Unknown
350,,2025-02-04 06:45:00,,,-1.0,41.25,EMA_Inversion_33,Sell to Close,,4.04,37.21,41.25,Unknown,Unknown
352,,2025-02-04 09:30:00,,,1.0,-43.75,EMA_Inversion_33,Buy to Close,,4.04,-47.79,-43.75,Unknown,Unknown
354,,2025-02-04 10:15:00,,,-1.0,116.25,SuperSignal_v6,Sell to Close,,4.04,112.21,116.25,Unknown,Unknown
356,,2025-02-04 16:15:00,,,-1.0,-28.75,SuperSignal_v6,Sell to Close,,4.04,-32.79,-28.75,Unknown,Unknown
358,,2025-02-05 06:15:00,,,-1.0,35.0,EMA_Inversion_33,Sell to Close,,4.04,30.96,35.0,Unknown,Unknown
360,,2025-02-05 09:30:00,,,1.0,-91.25,EMA_Inversion_33,Buy to Close,,4.04,-95.29,-91.25,Unknown,Unknown
362,,2025-02-05 13:45:00,,,-1.0,137.5,SuperSignal_v6,Sell to Close,,4.04,133.46,137.5,Unknown,Unknown
364,,2025-02-06 06:00:00,,,1.0,42.5,EMA_Inversion_33,Buy to Close,,4.04,38.46,42.5,Unknown,Unknown
366,,2025-02-06 08:00:00,,,-1.0,13.75,EMA_Inversion_33,Sell to Close,,4.04,9.71,13.75,Unknown,Unknown
368,,2025-02-06 13:15:00,,,1.0,-31.25,SuperSignal_v6,Buy to Close,,4.04,-35.29,-31.25,Unknown,Unknown
370,,2025-02-06 14:45:00,,,1.0,48.75,SuperSignal_v6,Buy to Close,,4.04,44.71,48.75,Unknown,Unknown
372,,2025-02-07 09:30:00,,,1.0,-30.0,EMA_Inversion_33,Buy to Close,,4.04,-34.04,-30.0,Unknown,Unknown
374,,2025-02-07 10:15:00,,,-1.0,-28.75,SuperSignal_v6,Sell to Close,,4.04,-32.79,-28.75,Unknown,Unknown
376,,2025-02-07 15:30:00,,,1.0,107.5,SuperSignal_v6,Buy to Close,,4.04,103.46,107.5,Unknown,Unknown
378,,2025-02-11 04:30:00,,,1.0,-15.0,EMA_Inversion_33,Buy to Close,,4.04,-19.04,-15.0,Unknown,Unknown
380,,2025-02-11 08:00:00,,,-1.0,15.0,EMA_Inversion_33,Sell to Close,,4.04,10.96,15.0,Unknown,Unknown
382,,2025-02-11 08:30:00,,,1.0,32.5,EMA_Inversion_33,Buy to Close,,4.04,28.46,32.5,Unknown,Unknown
384,,2025-02-11 18:00:00,,,-1.0,121.25,SuperSignal_v6,Sell to Close,,4.04,117.21,121.25,Unknown,Unknown
386,,2025-02-12 07:30:00,,,-1.0,38.75,EMA_Inversion_33,Sell to Close,,4.04,34.71,38.75,Unknown,Unknown
388,,2025-02-12 08:45:00,,,1.0,287.5,EMA_Inversion_33,Buy to Close,,4.04,283.46,287.5,Unknown,Unknown
390,,2025-02-12 09:15:00,,,-1.0,-23.75,EMA_Inversion_33,Sell to Close,,4.04,-27.79,-23.75,Unknown,Unknown
392,,2025-02-13 03:15:00,,,1.0,-227.5,EMA_Inversion_33,Buy to Close,,4.04,-231.54,-227.5,Unknown,Unknown
394,,2025-02-13 04:45:00,,,-1.0,-7.5,EMA_Inversion_33,Sell to Close,,4.04,-11.54,-7.5,Unknown,Unknown
396,,2025-02-13 07:15:00,,,1.0,18.75,EMA_Inversion_33,Buy to Close,,4.04,14.71,18.75,Unknown,Unknown
398,,2025-02-13 08:45:00,,,-1.0,83.75,EMA_Inversion_33,Sell to Close,,4.04,79.71,83.75,Unknown,Unknown
400,,2025-02-13 09:30:00,,,1.0,-3.75,EMA_Inversion_33,Buy to Close,,4.04,-7.79,-3.75,Unknown,Unknown
402,,2025-02-13 10:45:00,,,-1.0,133.75,SuperSignal_v6,Sell to Close,,4.04,129.71,133.75,Unknown,Unknown
404,,2025-02-13 14:15:00,,,-1.0,75.0,SuperSignal_v6,Sell to Close,,4.04,70.96,75.0,Unknown,Unknown
406,,2025-02-14 10:45:00,,,-1.0,-27.5,SuperSignal_v6,Sell to Close,,4.04,-31.54,-27.5,Unknown,Unknown
408,,2025-02-14 14:00:00,,,1.0,-57.5,SuperSignal_v6,Buy to Close,,4.04,-61.54,-57.5,Unknown,Unknown
410,,2025-02-14 14:45:00,,,-1.0,-37.5,SuperSignal_v6,Sell to Close,,4.04,-41.54,-37.5,Unknown,Unknown
412,,2025-02-16 18:00:00,,,1.0,-8.75,SuperSignal_v6,Buy to Close,,4.04,-12.79,-8.75,Unknown,Unknown
414,,2025-02-17 05:45:00,,,-1.0,20.0,EMA_Inversion_33,Sell to Close,,4.04,15.96,20.0,Unknown,Unknown
416,,2025-02-18 14:15:00,,,1.0,91.25,SuperSignal_v6,Buy to Close,,4.04,87.21,91.25,Unknown,Unknown
418,,2025-02-19 14:30:00,,,-1.0,45.0,SuperSignal_v6,Sell to Close,,4.04,40.96,45.0,Unknown,Unknown
420,,2025-02-20 07:00:00,,,1.0,20.0,EMA_Inversion_33,Buy to Close,,4.04,15.96,20.0,Unknown,Unknown
422,,2025-02-21 03:45:00,,,-1.0,-47.5,EMA_Inversion_33,Sell to Close,,4.04,-51.54,-47.5,Unknown,Unknown
424,,2025-02-21 10:30:00,,,1.0,186.25,SuperSignal_v6,Buy to Close,,4.04,182.21,186.25,Unknown,Unknown
426,,2025-02-24 04:00:00,,,-1.0,52.5,EMA_Inversion_33,Sell to Close,,4.04,48.46,52.5,Unknown,Unknown
428,,2025-02-24 07:30:00,,,1.0,2.5,EMA_Inversion_33,Buy to Close,,4.04,-1.54,2.5,Unknown,Unknown
430,,2025-02-24 08:45:00,,,-1.0,23.75,EMA_Inversion_33,Sell to Close,,4.04,19.71,23.75,Unknown,Unknown
432,,2025-02-24 09:30:00,,,1.0,57.5,EMA_Inversion_33,Buy to Close,,4.04,53.46,57.5,Unknown,Unknown
434,,2025-02-25 04:15:00,,,-1.0,-256.25,EMA_Inversion_33,Sell to Close,,4.04,-260.29,-256.25,Unknown,Unknown
436,,2025-02-25 04:30:00,,,1.0,18.75,EMA_Inversion_33,Buy to Close,,4.04,14.71,18.75,Unknown,Unknown
438,,2025-02-25 06:45:00,,,-1.0,16.25,EMA_Inversion_33,Sell to Close,,4.04,12.21,16.25,Unknown,Unknown
440,,2025-02-25 10:15:00,,,1.0,168.75,SuperSignal_v6,Buy to Close,,4.04,164.71,168.75,Unknown,Unknown
442,,2025-02-25 15:15:00,,,1.0,-100.0,SuperSignal_v6,Buy to Close,,4.04,-104.04,-100.0,Unknown,Unknown
444,,2025-02-26 09:15:00,,,1.0,25.0,EMA_Inversion_33,Buy to Close,,4.04,20.96,25.0,Unknown,Unknown
446,,2025-02-26 09:30:00,,,-1.0,-20.0,EMA_Inversion_33,Sell to Close,,4.04,-24.04,-20.0,Unknown,Unknown
448,,2025-02-26 16:00:00,,,1.0,40.0,SuperSignal_v6,Buy to Close,,4.04,35.96,40.0,Unknown,Unknown
450,,2025-02-27 09:00:00,,,1.0,48.75,EMA_Inversion_33,Buy to Close,,4.04,44.71,48.75,Unknown,Unknown
452,,2025-02-27 09:15:00,,,-1.0,62.5,EMA_Inversion_33,Sell to Close,,4.04,58.46,62.5,Unknown,Unknown
454,,2025-02-27 09:30:00,,,1.0,13.75,EMA_Inversion_33,Buy to Close,,4.04,9.71,13.75,Unknown,Unknown
456,,2025-02-28 03:30:00,,,-1.0,-523.75,EMA_Inversion_33,Sell to Close,,4.04,-527.79,-523.75,Unknown,Unknown
458,,2025-02-28 08:30:00,,,1.0,28.75,EMA_Inversion_33,Buy to Close,,4.04,24.71,28.75,Unknown,Unknown
460,,2025-02-28 09:30:00,,,-1.0,-27.5,EMA_Inversion_33,Sell to Close,,4.04,-31.54,-27.5,Unknown,Unknown
462,,2025-03-03 03:30:00,,,1.0,-402.5,EMA_Inversion_33,Buy to Close,,4.04,-406.54,-402.5,Unknown,Unknown
464,,2025-03-03 04:30:00,,,-1.0,55.0,EMA_Inversion_33,Sell to Close,,4.04,50.96,55.0,Unknown,Unknown
466,,2025-03-03 08:15:00,,,1.0,-75.0,EMA_Inversion_33,Buy to Close,,4.04,-79.04,-75.0,Unknown,Unknown
468,,2025-03-03 08:30:00,,,-1.0,16.25,EMA_Inversion_33,Sell to Close,,4.04,12.21,16.25,Unknown,Unknown
470,,2025-03-03 10:15:00,,,1.0,290.0,SuperSignal_v6,Buy to Close,,4.04,285.96,290.0,Unknown,Unknown
472,,2025-03-03 13:15:00,,,1.0,145.0,SuperSignal_v6,Buy to Close,,4.04,140.96,145.0,Unknown,Unknown
474,,2025-03-03 15:15:00,,,1.0,162.5,SuperSignal_v6,Buy to Close,,4.04,158.46,162.5,Unknown,Unknown
476,,2025-03-04 08:45:00,,,-1.0,-220.0,EMA_Inversion_33,Sell to Close,,4.04,-224.04,-220.0,Unknown,Unknown
478,,2025-03-04 09:00:00,,,1.0,25.0,EMA_Inversion_33,Buy to Close,,4.04,20.96,25.0,Unknown,Unknown
480,,2025-03-04 09:15:00,,,-1.0,57.5,EMA_Inversion_33,Sell to Close,,4.04,53.46,57.5,Unknown,Unknown
482,,2025-03-04 09:30:00,,,1.0,65.0,EMA_Inversion_33,Buy to Close,,4.04,60.96,65.0,Unknown,Unknown
484,,2025-03-04 15:30:00,,,-1.0,216.25,SuperSignal_v6,Sell to Close,,4.04,212.21,216.25,Unknown,Unknown
486,,2025-03-05 04:00:00,,,1.0,57.5,EMA_Inversion_33,Buy to Close,,4.04,53.46,57.5,Unknown,Unknown
488,,2025-03-05 04:15:00,,,-1.0,22.5,EMA_Inversion_33,Sell to Close,,4.04,18.46,22.5,Unknown,Unknown
490,,2025-03-05 05:30:00,,,1.0,26.25,EMA_Inversion_33,Buy to Close,,4.04,22.21,26.25,Unknown,Unknown
492,,2025-03-05 07:00:00,,,-1.0,-71.25,EMA_Inversion_33,Sell to Close,,4.04,-75.29,-71.25,Unknown,Unknown
494,,2025-03-05 07:15:00,,,1.0,0.0,EMA_Inversion_33,Buy to Close,,4.04,-4.04,0.0,Unknown,Unknown
496,,2025-03-05 09:30:00,,,-1.0,-108.75,EMA_Inversion_33,Sell to Close,,4.04,-112.79,-108.75,Unknown,Unknown
498,,2025-03-05 10:15:00,,,1.0,-108.75,SuperSignal_v6,Buy to Close,,4.04,-112.79,-108.75,Unknown,Unknown
500,,2025-03-05 12:45:00,,,1.0,-167.5,SuperSignal_v6,Buy to Close,,4.04,-171.54,-167.5,Unknown,Unknown
502,,2025-03-05 15:15:00,,,-1.0,171.25,SuperSignal_v6,Sell to Close,,4.04,167.21,171.25,Unknown,Unknown
504,,2025-03-06 07:00:00,,,-1.0,-107.5,EMA_Inversion_33,Sell to Close,,4.04,-111.54,-107.5,Unknown,Unknown
506,,2025-03-06 07:15:00,,,1.0,43.75,EMA_Inversion_33,Buy to Close,,4.04,39.71,43.75,Unknown,Unknown
508,,2025-03-06 09:30:00,,,-1.0,-72.5,EMA_Inversion_33,Sell to Close,,4.04,-76.54,-72.5,Unknown,Unknown
510,,2025-03-06 18:00:00,,,1.0,61.25,SuperSignal_v6,Buy to Close,,4.04,57.21,61.25,Unknown,Unknown
512,,2025-03-07 06:15:00,,,1.0,-11.25,EMA_Inversion_33,Buy to Close,,4.04,-15.29,-11.25,Unknown,Unknown
514,,2025-03-07 06:30:00,,,-1.0,10.0,EMA_Inversion_33,Sell to Close,,4.04,5.96,10.0,Unknown,Unknown
516,,2025-03-07 07:30:00,,,1.0,57.5,EMA_Inversion_33,Buy to Close,,4.04,53.46,57.5,Unknown,Unknown
518,,2025-03-07 08:45:00,,,-1.0,32.5,EMA_Inversion_33,Sell to Close,,4.04,28.46,32.5,Unknown,Unknown
520,,2025-03-07 09:00:00,,,1.0,125.0,EMA_Inversion_33,Buy to Close,,4.04,120.96,125.0,Unknown,Unknown
522,,2025-03-07 09:30:00,,,-1.0,-42.5,EMA_Inversion_33,Sell to Close,,4.04,-46.54,-42.5,Unknown,Unknown
524,,2025-03-07 12:00:00,,,1.0,242.5,SuperSignal_v6,Buy to Close,,4.04,238.46,242.5,Unknown,Unknown
526,,2025-03-09 18:00:00,,,-1.0,13.75,SuperSignal_v6,Sell to Close,,4.04,9.71,13.75,Unknown,Unknown
528,,2025-03-10 05:30:00,,,-1.0,-117.5,EMA_Inversion_33,Sell to Close,,4.04,-121.54,-117.5,Unknown,Unknown
530,,2025-03-10 06:00:00,,,1.0,10.0,EMA_Inversion_33,Buy to Close,,4.04,5.96,10.0,Unknown,Unknown
532,,2025-03-10 07:30:00,,,-1.0,6.25,EMA_Inversion_33,Sell to Close,,4.04,2.21,6.25,Unknown,Unknown
534,,2025-03-10 07:45:00,,,1.0,47.5,EMA_Inversion_33,Buy to Close,,4.04,43.46,47.5,Unknown,Unknown
536,,2025-03-10 09:30:00,,,-1.0,-96.25,EMA_Inversion_33,Sell to Close,,4.04,-100.29,-96.25,Unknown,Unknown
538,,2025-03-10 12:30:00,,,1.0,248.75,SuperSignal_v6,Buy to Close,,4.04,244.71,248.75,Unknown,Unknown
540,,2025-03-11 08:15:00,,,1.0,42.5,EMA_Inversion_33,Buy to Close,,4.04,38.46,42.5,Unknown,Unknown
542,,2025-03-11 09:30:00,,,-1.0,-78.75,EMA_Inversion_33,Sell to Close,,4.04,-82.79,-78.75,Unknown,Unknown
544,,2025-03-11 10:45:00,,,1.0,232.5,SuperSignal_v6,Buy to Close,,4.04,228.46,232.5,Unknown,Unknown
546,,2025-03-11 13:30:00,,,1.0,230.0,SuperSignal_v6,Buy to Close,,4.04,225.96,230.0,Unknown,Unknown
548,,2025-03-12 04:00:00,,,-1.0,85.0,EMA_Inversion_33,Sell to Close,,4.04,80.96,85.0,Unknown,Unknown
550,,2025-03-12 04:30:00,,,1.0,35.0,EMA_Inversion_33,Buy to Close,,4.04,30.96,35.0,Unknown,Unknown
552,,2025-03-12 04:45:00,,,-1.0,72.5,EMA_Inversion_33,Sell to Close,,4.04,68.46,72.5,Unknown,Unknown
554,,2025-03-12 09:30:00,,,1.0,-157.5,EMA_Inversion_33,Buy to Close,,4.04,-161.54,-157.5,Unknown,Unknown
556,,2025-03-13 05:00:00,,,-1.0,-276.25,EMA_Inversion_33,Sell to Close,,4.04,-280.29,-276.25,Unknown,Unknown
558,,2025-03-13 07:15:00,,,1.0,-82.5,EMA_Inversion_33,Buy to Close,,4.04,-86.54,-82.5,Unknown,Unknown
560,,2025-03-13 07:30:00,,,-1.0,-22.5,EMA_Inversion_33,Sell to Close,,4.04,-26.54,-22.5,Unknown,Unknown
562,,2025-03-13 07:45:00,,,1.0,37.5,EMA_Inversion_33,Buy to Close,,4.04,33.46,37.5,Unknown,Unknown
564,,2025-03-13 08:00:00,,,-1.0,31.25,EMA_Inversion_33,Sell to Close,,4.04,27.21,31.25,Unknown,Unknown
566,,2025-03-13 08:15:00,,,1.0,71.25,EMA_Inversion_33,Buy to Close,,4.04,67.21,71.25,Unknown,Unknown
568,,2025-03-13 08:45:00,,,-1.0,77.5,EMA_Inversion_33,Sell to Close,,4.04,73.46,77.5,Unknown,Unknown
570,,2025-03-13 10:15:00,,,1.0,26.25,SuperSignal_v6,Buy to Close,,4.04,22.21,26.25,Unknown,Unknown
572,,2025-03-13 11:45:00,,,1.0,158.75,SuperSignal_v6,Buy to Close,,4.04,154.71,158.75,Unknown,Unknown
574,,2025-03-13 18:00:00,,,1.0,-53.75,SuperSignal_v6,Buy to Close,,4.04,-57.79,-53.75,Unknown,Unknown
576,,2025-03-14 04:30:00,,,-1.0,66.25,EMA_Inversion_33,Sell to Close,,4.04,62.21,66.25,Unknown,Unknown
578,,2025-03-14 07:00:00,,,1.0,-18.75,EMA_Inversion_33,Buy to Close,,4.04,-22.79,-18.75,Unknown,Unknown
580,,2025-03-14 07:15:00,,,-1.0,-22.5,EMA_Inversion_33,Sell to Close,,4.04,-26.54,-22.5,Unknown,Unknown
582,,2025-03-17 03:15:00,,,1.0,-435.0,EMA_Inversion_33,Buy to Close,,4.04,-439.04,-435.0,Unknown,Unknown
584,,2025-03-17 04:45:00,,,-1.0,46.25,EMA_Inversion_33,Sell to Close,,4.04,42.21,46.25,Unknown,Unknown
586,,2025-03-17 08:15:00,,,1.0,-46.25,EMA_Inversion_33,Buy to Close,,4.04,-50.29,-46.25,Unknown,Unknown
588,,2025-03-17 08:30:00,,,-1.0,-10.0,EMA_Inversion_33,Sell to Close,,4.04,-14.04,-10.0,Unknown,Unknown
590,,2025-03-17 09:30:00,,,1.0,-85.0,EMA_Inversion_33,Buy to Close,,4.04,-89.04,-85.0,Unknown,Unknown
592,,2025-03-17 14:45:00,,,-1.0,320.0,SuperSignal_v6,Sell to Close,,4.04,315.96,320.0,Unknown,Unknown
594,,2025-03-18 06:15:00,,,1.0,30.0,EMA_Inversion_33,Buy to Close,,4.04,25.96,30.0,Unknown,Unknown
596,,2025-03-19 04:30:00,,,-1.0,-208.75,EMA_Inversion_33,Sell to Close,,4.04,-212.79,-208.75,Unknown,Unknown
598,,2025-03-19 05:15:00,,,1.0,23.75,EMA_Inversion_33,Buy to Close,,4.04,19.71,23.75,Unknown,Unknown
600,,2025-03-19 05:45:00,,,-1.0,57.5,EMA_Inversion_33,Sell to Close,,4.04,53.46,57.5,Unknown,Unknown
602,,2025-03-19 09:30:00,,,1.0,-36.25,EMA_Inversion_33,Buy to Close,,4.04,-40.29,-36.25,Unknown,Unknown
604,,2025-03-19 12:00:00,,,-1.0,142.5,SuperSignal_v6,Sell to Close,,4.04,138.46,142.5,Unknown,Unknown
606,,2025-03-19 15:00:00,,,-1.0,106.25,SuperSignal_v6,Sell to Close,,4.04,102.21,106.25,Unknown,Unknown
608,,2025-03-20 07:00:00,,,-1.0,-247.5,EMA_Inversion_33,Sell to Close,,4.04,-251.54,-247.5,Unknown,Unknown
610,,2025-03-20 07:30:00,,,1.0,0.0,EMA_Inversion_33,Buy to Close,,4.04,-4.04,0.0,Unknown,Unknown
612,,2025-03-20 08:00:00,,,-1.0,50.0,EMA_Inversion_33,Sell to Close,,4.04,45.96,50.0,Unknown,Unknown
614,,2025-03-20 08:15:00,,,1.0,21.25,EMA_Inversion_33,Buy to Close,,4.04,17.21,21.25,Unknown,Unknown
616,,2025-03-20 09:30:00,,,-1.0,-75.0,EMA_Inversion_33,Sell to Close,,4.04,-79.04,-75.0,Unknown,Unknown
618,,2025-03-21 03:30:00,,,1.0,-72.5,EMA_Inversion_33,Buy to Close,,4.04,-76.54,-72.5,Unknown,Unknown
620,,2025-03-21 06:15:00,,,-1.0,-13.75,EMA_Inversion_33,Sell to Close,,4.04,-17.79,-13.75,Unknown,Unknown
622,,2025-03-21 06:45:00,,,1.0,55.0,EMA_Inversion_33,Buy to Close,,4.04,50.96,55.0,Unknown,Unknown
624,,2025-03-21 11:45:00,,,-1.0,-156.25,SuperSignal_v6,Sell to Close,,4.04,-160.29,-156.25,Unknown,Unknown
626,,2025-03-21 14:00:00,,,-1.0,123.75,SuperSignal_v6,Sell to Close,,4.04,119.71,123.75,Unknown,Unknown
628,,2025-03-23 18:00:00,,,-1.0,72.5,SuperSignal_v6,Sell to Close,,4.04,68.46,72.5,Unknown,Unknown
630,,2025-03-24 05:45:00,,,1.0,-20.0,EMA_Inversion_33,Buy to Close,,4.04,-24.04,-20.0,Unknown,Unknown
632,,2025-03-24 06:30:00,,,-1.0,37.5,EMA_Inversion_33,Sell to Close,,4.04,33.46,37.5,Unknown,Unknown
634,,2025-03-25 04:15:00,,,1.0,-138.75,EMA_Inversion_33,Buy to Close,,4.04,-142.79,-138.75,Unknown,Unknown
636,,2025-03-25 06:00:00,,,-1.0,28.75,EMA_Inversion_33,Sell to Close,,4.04,24.71,28.75,Unknown,Unknown
638,,2025-03-25 16:00:00,,,1.0,-70.0,SuperSignal_v6,Buy to Close,,4.04,-74.04,-70.0,Unknown,Unknown
640,,2025-03-26 07:30:00,,,-1.0,12.5,EMA_Inversion_33,Sell to Close,,4.04,8.46,12.5,Unknown,Unknown
642,,2025-03-26 11:30:00,,,1.0,158.75,SuperSignal_v6,Buy to Close,,4.04,154.71,158.75,Unknown,Unknown
644,,2025-03-27 04:45:00,,,-1.0,1.25,EMA_Inversion_33,Sell to Close,,4.04,-2.79,1.25,Unknown,Unknown
646,,2025-03-27 07:00:00,,,1.0,21.25,EMA_Inversion_33,Buy to Close,,4.04,17.21,21.25,Unknown,Unknown
648,,2025-03-27 08:00:00,,,-1.0,17.5,EMA_Inversion_33,Sell to Close,,4.04,13.46,17.5,Unknown,Unknown
650,,2025-03-27 08:15:00,,,1.0,17.5,EMA_Inversion_33,Buy to Close,,4.04,13.46,17.5,Unknown,Unknown
652,,2025-03-27 09:30:00,,,-1.0,-56.25,EMA_Inversion_33,Sell to Close,,4.04,-60.29,-56.25,Unknown,Unknown
654,,2025-03-28 03:15:00,,,1.0,68.75,EMA_Inversion_33,Buy to Close,,4.04,64.71,68.75,Unknown,Unknown
656,,2025-03-28 05:15:00,,,-1.0,-6.25,EMA_Inversion_33,Sell to Close,,4.04,-10.29,-6.25,Unknown,Unknown
658,,2025-03-28 08:30:00,,,1.0,2.5,EMA_Inversion_33,Buy to Close,,4.04,-1.54,2.5,Unknown,Unknown
660,,2025-03-28 09:15:00,,,-1.0,11.25,EMA_Inversion_33,Sell to Close,,4.04,7.21,11.25,Unknown,Unknown
662,,2025-03-28 09:30:00,,,1.0,28.75,EMA_Inversion_33,Buy to Close,,4.04,24.71,28.75,Unknown,Unknown
664,,2025-03-31 03:45:00,,,-1.0,-683.75,EMA_Inversion_33,Sell to Close,,4.04,-687.79,-683.75,Unknown,Unknown
666,,2025-03-31 04:45:00,,,1.0,47.5,EMA_Inversion_33,Buy to Close,,4.04,43.46,47.5,Unknown,Unknown
668,,2025-03-31 05:30:00,,,-1.0,-13.75,EMA_Inversion_33,Sell to Close,,4.04,-17.79,-13.75,Unknown,Unknown
670,,2025-03-31 05:45:00,,,1.0,30.0,EMA_Inversion_33,Buy to Close,,4.04,25.96,30.0,Unknown,Unknown
672,,2025-03-31 08:45:00,,,-1.0,25.0,EMA_Inversion_33,Sell to Close,,4.04,20.96,25.0,Unknown,Unknown
674,,2025-03-31 09:00:00,,,1.0,-2.5,EMA_Inversion_33,Buy to Close,,4.04,-6.54,-2.5,Unknown,Unknown
676,,2025-03-31 09:15:00,,,-1.0,-8.75,EMA_Inversion_33,Sell to Close,,4.04,-12.79,-8.75,Unknown,Unknown
678,,2025-03-31 09:30:00,,,1.0,43.75,EMA_Inversion_33,Buy to Close,,4.04,39.71,43.75,Unknown,Unknown
680,,2025-03-31 12:00:00,,,-1.0,211.25,SuperSignal_v6,Sell to Close,,4.04,207.21,211.25,Unknown,Unknown
682,,2025-03-31 15:30:00,,,-1.0,142.5,SuperSignal_v6,Sell to Close,,4.04,138.46,142.5,Unknown,Unknown
684,,2025-04-01 03:45:00,,,1.0,72.5,EMA_Inversion_33,Buy to Close,,4.04,68.46,72.5,Unknown,Unknown
686,,2025-04-01 04:30:00,,,-1.0,26.25,EMA_Inversion_33,Sell to Close,,4.04,22.21,26.25,Unknown,Unknown
688,,2025-04-01 06:15:00,,,1.0,22.5,EMA_Inversion_33,Buy to Close,,4.04,18.46,22.5,Unknown,Unknown
690,,2025-04-01 09:15:00,,,-1.0,-1.25,EMA_Inversion_33,Sell to Close,,4.04,-5.29,-1.25,Unknown,Unknown
692,,2025-04-01 10:45:00,,,1.0,60.0,SuperSignal_v6,Buy to Close,,4.04,55.96,60.0,Unknown,Unknown
694,,2025-04-01 14:15:00,,,-1.0,-116.25,SuperSignal_v6,Sell to Close,,4.04,-120.29,-116.25,Unknown,Unknown
696,,2025-04-02 06:30:00,,,-1.0,-70.0,EMA_Inversion_33,Sell to Close,,4.04,-74.04,-70.0,Unknown,Unknown
698,,2025-04-02 06:45:00,,,1.0,36.25,EMA_Inversion_33,Buy to Close,,4.04,32.21,36.25,Unknown,Unknown
700,,2025-04-02 08:15:00,,,-1.0,-66.25,EMA_Inversion_33,Sell to Close,,4.04,-70.29,-66.25,Unknown,Unknown
702,,2025-04-02 08:30:00,,,1.0,77.5,EMA_Inversion_33,Buy to Close,,4.04,73.46,77.5,Unknown,Unknown
704,,2025-04-02 09:00:00,,,-1.0,58.75,EMA_Inversion_33,Sell to Close,,4.04,54.71,58.75,Unknown,Unknown
706,,2025-04-02 09:15:00,,,1.0,31.25,EMA_Inversion_33,Buy to Close,,4.04,27.21,31.25,Unknown,Unknown
708,,2025-04-02 09:30:00,,,-1.0,-25.0,EMA_Inversion_33,Sell to Close,,4.04,-29.04,-25.0,Unknown,Unknown
710,,2025-04-03 03:15:00,,,1.0,425.0,EMA_Inversion_33,Buy to Close,,4.04,420.96,425.0,Unknown,Unknown
712,,2025-04-03 03:30:00,,,-1.0,67.5,EMA_Inversion_33,Sell to Close,,4.04,63.46,67.5,Unknown,Unknown
714,,2025-04-03 05:15:00,,,1.0,23.75,EMA_Inversion_33,Buy to Close,,4.04,19.71,23.75,Unknown,Unknown
716,,2025-04-03 07:15:00,,,-1.0,-51.25,EMA_Inversion_33,Sell to Close,,4.04,-55.29,-51.25,Unknown,Unknown
718,,2025-04-03 07:30:00,,,1.0,40.0,EMA_Inversion_33,Buy to Close,,4.04,35.96,40.0,Unknown,Unknown
720,,2025-04-03 08:15:00,,,-1.0,75.0,EMA_Inversion_33,Sell to Close,,4.04,70.96,75.0,Unknown,Unknown
722,,2025-04-03 08:30:00,,,1.0,58.75,EMA_Inversion_33,Buy to Close,,4.04,54.71,58.75,Unknown,Unknown
724,,2025-04-04 03:15:00,,,-1.0,-546.25,EMA_Inversion_33,Sell to Close,,4.04,-550.29,-546.25,Unknown,Unknown
726,,2025-04-04 03:45:00,,,1.0,47.5,EMA_Inversion_33,Buy to Close,,4.04,43.46,47.5,Unknown,Unknown
728,,2025-04-04 08:00:00,,,-1.0,-591.25,EMA_Inversion_33,Sell to Close,,4.04,-595.29,-591.25,Unknown,Unknown
730,,2025-04-04 08:15:00,,,1.0,20.0,EMA_Inversion_33,Buy to Close,,4.04,15.96,20.0,Unknown,Unknown
732,,2025-04-04 08:30:00,,,-1.0,46.25,EMA_Inversion_33,Sell to Close,,4.04,42.21,46.25,Unknown,Unknown
734,,2025-04-04 08:45:00,,,1.0,-45.0,EMA_Inversion_33,Buy to Close,,4.04,-49.04,-45.0,Unknown,Unknown
736,,2025-04-04 09:00:00,,,-1.0,22.5,EMA_Inversion_33,Sell to Close,,4.04,18.46,22.5,Unknown,Unknown
738,,2025-04-04 09:15:00,,,1.0,25.0,EMA_Inversion_33,Buy to Close,,4.04,20.96,25.0,Unknown,Unknown
740,,2025-04-04 09:30:00,,,-1.0,-32.5,EMA_Inversion_33,Sell to Close,,4.04,-36.54,-32.5,Unknown,Unknown
742,,2025-04-04 11:00:00,,,1.0,580.0,SuperSignal_v6,Buy to Close,,4.04,575.96,580.0,Unknown,Unknown
744,,2025-04-04 13:30:00,,,1.0,396.25,SuperSignal_v6,Buy to Close,,4.04,392.21,396.25,Unknown,Unknown
746,,2025-04-04 14:45:00,,,1.0,270.0,SuperSignal_v6,Buy to Close,,4.04,265.96,270.0,Unknown,Unknown
748,,2025-04-07 04:00:00,,,-1.0,93.75,EMA_Inversion_33,Sell to Close,,4.04,89.71,93.75,Unknown,Unknown
750,,2025-04-07 07:00:00,,,1.0,-588.75,EMA_Inversion_33,Buy to Close,,4.04,-592.79,-588.75,Unknown,Unknown
752,,2025-04-07 07:15:00,,,-1.0,110.0,EMA_Inversion_33,Sell to Close,,4.04,105.96,110.0,Unknown,Unknown
754,,2025-04-07 07:45:00,,,1.0,168.75,EMA_Inversion_33,Buy to Close,,4.04,164.71,168.75,Unknown,Unknown
756,,2025-04-07 08:00:00,,,-1.0,-1.25,EMA_Inversion_33,Sell to Close,,4.04,-5.29,-1.25,Unknown,Unknown
758,,2025-04-07 08:15:00,,,1.0,61.25,EMA_Inversion_33,Buy to Close,,4.04,57.21,61.25,Unknown,Unknown
760,,2025-04-07 08:30:00,,,-1.0,192.5,EMA_Inversion_33,Sell to Close,,4.04,188.46,192.5,Unknown,Unknown
762,,2025-04-07 08:45:00,,,1.0,152.5,EMA_Inversion_33,Buy to Close,,4.04,148.46,152.5,Unknown,Unknown
764,,2025-04-07 09:00:00,,,-1.0,153.75,EMA_Inversion_33,Sell to Close,,4.04,149.71,153.75,Unknown,Unknown
766,,2025-04-07 09:15:00,,,1.0,170.0,EMA_Inversion_33,Buy to Close,,4.04,165.96,170.0,Unknown,Unknown
768,,2025-04-07 10:15:00,,,-1.0,676.25,SuperSignal_v6,Sell to Close,,4.04,672.21,676.25,Unknown,Unknown
770,,2025-04-07 14:30:00,,,-1.0,346.25,SuperSignal_v6,Sell to Close,,4.04,342.21,346.25,Unknown,Unknown
772,,2025-04-08 04:15:00,,,1.0,43.75,EMA_Inversion_33,Buy to Close,,4.04,39.71,43.75,Unknown,Unknown
774,,2025-04-08 04:45:00,,,-1.0,53.75,EMA_Inversion_33,Sell to Close,,4.04,49.71,53.75,Unknown,Unknown
776,,2025-04-08 05:30:00,,,1.0,42.5,EMA_Inversion_33,Buy to Close,,4.04,38.46,42.5,Unknown,Unknown
778,,2025-04-08 05:45:00,,,-1.0,46.25,EMA_Inversion_33,Sell to Close,,4.04,42.21,46.25,Unknown,Unknown
780,,2025-04-08 06:00:00,,,1.0,93.75,EMA_Inversion_33,Buy to Close,,4.04,89.71,93.75,Unknown,Unknown
782,,2025-04-08 06:45:00,,,-1.0,80.0,EMA_Inversion_33,Sell to Close,,4.04,75.96,80.0,Unknown,Unknown
784,,2025-04-08 07:15:00,,,1.0,36.25,EMA_Inversion_33,Buy to Close,,4.04,32.21,36.25,Unknown,Unknown
786,,2025-04-08 07:30:00,,,-1.0,82.5,EMA_Inversion_33,Sell to Close,,4.04,78.46,82.5,Unknown,Unknown
788,,2025-04-08 08:45:00,,,1.0,-165.0,EMA_Inversion_33,Buy to Close,,4.04,-169.04,-165.0,Unknown,Unknown
790,,2025-04-08 09:00:00,,,-1.0,30.0,EMA_Inversion_33,Sell to Close,,4.04,25.96,30.0,Unknown,Unknown
792,,2025-04-08 09:30:00,,,1.0,-243.75,EMA_Inversion_33,Buy to Close,,4.04,-247.79,-243.75,Unknown,Unknown
794,,2025-04-08 11:00:00,,,-1.0,-143.75,SuperSignal_v6,Sell to Close,,4.04,-147.79,-143.75,Unknown,Unknown
796,,2025-04-08 12:45:00,,,1.0,231.25,SuperSignal_v6,Buy to Close,,4.04,227.21,231.25,Unknown,Unknown
798,,2025-04-09 03:30:00,,,1.0,82.5,EMA_Inversion_33,Buy to Close,,4.04,78.46,82.5,Unknown,Unknown
800,,2025-04-09 03:45:00,,,-1.0,170.0,EMA_Inversion_33,Sell to Close,,4.04,165.96,170.0,Unknown,Unknown
802,,2025-04-09 04:00:00,,,1.0,68.75,EMA_Inversion_33,Buy to Close,,4.04,64.71,68.75,Unknown,Unknown
804,,2025-04-09 04:45:00,,,-1.0,-110.0,EMA_Inversion_33,Sell to Close,,4.04,-114.04,-110.0,Unknown,Unknown
806,,2025-04-09 05:45:00,,,1.0,-2.5,EMA_Inversion_33,Buy to Close,,4.04,-6.54,-2.5,Unknown,Unknown
808,,2025-04-09 08:45:00,,,-1.0,-362.5,EMA_Inversion_33,Sell to Close,,4.04,-366.54,-362.5,Unknown,Unknown
810,,2025-04-09 09:00:00,,,1.0,-113.75,EMA_Inversion_33,Buy to Close,,4.04,-117.79,-113.75,Unknown,Unknown
812,,2025-04-09 09:15:00,,,-1.0,107.5,EMA_Inversion_33,Sell to Close,,4.04,103.46,107.5,Unknown,Unknown
814,,2025-04-09 13:00:00,,,1.0,-413.75,SuperSignal_v6,Buy to Close,,4.04,-417.79,-413.75,Unknown,Unknown
816,,2025-04-09 13:30:00,,,-1.0,288.75,SuperSignal_v6,Sell to Close,,4.04,284.71,288.75,Unknown,Unknown
818,,2025-04-10 04:45:00,,,-1.0,-280.0,EMA_Inversion_33,Sell to Close,,4.04,-284.04,-280.0,Unknown,Unknown
820,,2025-04-10 05:00:00,,,1.0,75.0,EMA_Inversion_33,Buy to Close,,4.04,70.96,75.0,Unknown,Unknown
822,,2025-04-10 06:15:00,,,-1.0,181.25,EMA_Inversion_33,Sell to Close,,4.04,177.21,181.25,Unknown,Unknown
824,,2025-04-10 07:00:00,,,1.0,90.0,EMA_Inversion_33,Buy to Close,,4.04,85.96,90.0,Unknown,Unknown
826,,2025-04-10 08:00:00,,,-1.0,76.25,EMA_Inversion_33,Sell to Close,,4.04,72.21,76.25,Unknown,Unknown
828,,2025-04-10 08:15:00,,,1.0,70.0,EMA_Inversion_33,Buy to Close,,4.04,65.96,70.0,Unknown,Unknown
830,,2025-04-10 09:30:00,,,-1.0,-82.5,EMA_Inversion_33,Sell to Close,,4.04,-86.54,-82.5,Unknown,Unknown
832,,2025-04-10 12:00:00,,,1.0,607.5,SuperSignal_v6,Buy to Close,,4.04,603.46,607.5,Unknown,Unknown
834,,2025-04-10 18:00:00,,,1.0,-128.75,SuperSignal_v6,Buy to Close,,4.04,-132.79,-128.75,Unknown,Unknown
836,,2025-04-11 05:15:00,,,-1.0,-27.5,EMA_Inversion_33,Sell to Close,,4.04,-31.54,-27.5,Unknown,Unknown
838,,2025-04-11 07:30:00,,,1.0,-166.25,EMA_Inversion_33,Buy to Close,,4.04,-170.29,-166.25,Unknown,Unknown
840,,2025-04-11 07:45:00,,,-1.0,-11.25,EMA_Inversion_33,Sell to Close,,4.04,-15.29,-11.25,Unknown,Unknown
842,,2025-04-11 08:00:00,,,1.0,-42.5,EMA_Inversion_33,Buy to Close,,4.04,-46.54,-42.5,Unknown,Unknown
844,,2025-04-11 08:15:00,,,-1.0,10.0,EMA_Inversion_33,Sell to Close,,4.04,5.96,10.0,Unknown,Unknown
846,,2025-04-11 09:00:00,,,1.0,80.0,EMA_Inversion_33,Buy to Close,,4.04,75.96,80.0,Unknown,Unknown
848,,2025-04-11 09:30:00,,,-1.0,-131.25,EMA_Inversion_33,Sell to Close,,4.04,-135.29,-131.25,Unknown,Unknown
850,,2025-04-11 12:00:00,,,1.0,-198.75,SuperSignal_v6,Buy to Close,,4.04,-202.79,-198.75,Unknown,Unknown
852,,2025-04-13 18:00:00,,,-1.0,-35.0,SuperSignal_v6,Sell to Close,,4.04,-39.04,-35.0,Unknown,Unknown
854,,2025-04-14 05:30:00,,,1.0,-2.5,EMA_Inversion_33,Buy to Close,,4.04,-6.54,-2.5,Unknown,Unknown
856,,2025-04-14 06:45:00,,,-1.0,33.75,EMA_Inversion_33,Sell to Close,,4.04,29.71,33.75,Unknown,Unknown
858,,2025-04-14 08:00:00,,,1.0,45.0,EMA_Inversion_33,Buy to Close,,4.04,40.96,45.0,Unknown,Unknown
860,,2025-04-14 08:15:00,,,-1.0,56.25,EMA_Inversion_33,Sell to Close,,4.04,52.21,56.25,Unknown,Unknown
862,,2025-04-14 09:30:00,,,1.0,-145.0,EMA_Inversion_33,Buy to Close,,4.04,-149.04,-145.0,Unknown,Unknown
864,,2025-04-15 03:15:00,,,-1.0,-208.75,EMA_Inversion_33,Sell to Close,,4.04,-212.79,-208.75,Unknown,Unknown
866,,2025-04-15 05:45:00,,,1.0,45.0,EMA_Inversion_33,Buy to Close,,4.04,40.96,45.0,Unknown,Unknown
868,,2025-04-15 06:15:00,,,-1.0,47.5,EMA_Inversion_33,Sell to Close,,4.04,43.46,47.5,Unknown,Unknown
870,,2025-04-15 07:45:00,,,1.0,86.25,EMA_Inversion_33,Buy to Close,,4.04,82.21,86.25,Unknown,Unknown
872,,2025-04-15 08:45:00,,,-1.0,-10.0,EMA_Inversion_33,Sell to Close,,4.04,-14.04,-10.0,Unknown,Unknown
874,,2025-04-15 09:00:00,,,1.0,-7.5,EMA_Inversion_33,Buy to Close,,4.04,-11.54,-7.5,Unknown,Unknown
876,,2025-04-15 09:15:00,,,-1.0,27.5,EMA_Inversion_33,Sell to Close,,4.04,23.46,27.5,Unknown,Unknown
878,,2025-04-15 18:00:00,,,1.0,71.25,SuperSignal_v6,Buy to Close,,4.04,67.21,71.25,Unknown,Unknown
880,,2025-04-16 04:30:00,,,-1.0,125.0,EMA_Inversion_33,Sell to Close,,4.04,120.96,125.0,Unknown,Unknown
882,,2025-04-16 05:00:00,,,1.0,-50.0,EMA_Inversion_33,Buy to Close,,4.04,-54.04,-50.0,Unknown,Unknown
884,,2025-04-16 05:15:00,,,-1.0,10.0,EMA_Inversion_33,Sell to Close,,4.04,5.96,10.0,Unknown,Unknown
886,,2025-04-16 06:00:00,,,1.0,42.5,EMA_Inversion_33,Buy to Close,,4.04,38.46,42.5,Unknown,Unknown
888,,2025-04-16 06:15:00,,,-1.0,25.0,EMA_Inversion_33,Sell to Close,,4.04,20.96,25.0,Unknown,Unknown
890,,2025-04-16 09:00:00,,,1.0,60.0,EMA_Inversion_33,Buy to Close,,4.04,55.96,60.0,Unknown,Unknown
892,,2025-04-16 09:15:00,,,-1.0,-20.0,EMA_Inversion_33,Sell to Close,,4.04,-24.04,-20.0,Unknown,Unknown
894,,2025-04-16 09:30:00,,,1.0,25.0,EMA_Inversion_33,Buy to Close,,4.04,20.96,25.0,Unknown,Unknown
896,,2025-04-16 12:00:00,,,-1.0,-11.25,SuperSignal_v6,Sell to Close,,4.04,-15.29,-11.25,Unknown,Unknown
898,,2025-04-16 13:45:00,,,1.0,136.25,SuperSignal_v6,Buy to Close,,4.04,132.21,136.25,Unknown,Unknown
900,,2025-04-17 05:00:00,,,1.0,35.0,EMA_Inversion_33,Buy to Close,,4.04,30.96,35.0,Unknown,Unknown
902,,2025-04-17 05:30:00,,,-1.0,43.75,EMA_Inversion_33,Sell to Close,,4.04,39.71,43.75,Unknown,Unknown
904,,2025-04-17 06:15:00,,,1.0,91.25,EMA_Inversion_33,Buy to Close,,4.04,87.21,91.25,Unknown,Unknown
906,,2025-04-17 09:15:00,,,-1.0,-51.25,EMA_Inversion_33,Sell to Close,,4.04,-55.29,-51.25,Unknown,Unknown
908,,2025-04-17 09:30:00,,,1.0,16.25,EMA_Inversion_33,Buy to Close,,4.04,12.21,16.25,Unknown,Unknown
910,,2025-04-17 10:30:00,,,-1.0,-72.5,SuperSignal_v6,Sell to Close,,4.04,-76.54,-72.5,Unknown,Unknown
912,,2025-04-17 16:00:00,,,-1.0,-155.0,SuperSignal_v6,Sell to Close,,4.04,-159.04,-155.0,Unknown,Unknown
914,,2025-04-21 08:30:00,,,-1.0,-32.5,EMA_Inversion_33,Sell to Close,,4.04,-36.54,-32.5,Unknown,Unknown
916,,2025-04-21 09:15:00,,,1.0,22.5,EMA_Inversion_33,Buy to Close,,4.04,18.46,22.5,Unknown,Unknown
918,,2025-04-22 03:30:00,,,-1.0,-70.0,EMA_Inversion_33,Sell to Close,,4.04,-74.04,-70.0,Unknown,Unknown
920,,2025-04-22 04:15:00,,,1.0,50.0,EMA_Inversion_33,Buy to Close,,4.04,45.96,50.0,Unknown,Unknown
922,,2025-04-22 04:30:00,,,-1.0,21.25,EMA_Inversion_33,Sell to Close,,4.04,17.21,21.25,Unknown,Unknown
924,,2025-04-22 07:15:00,,,1.0,30.0,EMA_Inversion_33,Buy to Close,,4.04,25.96,30.0,Unknown,Unknown
926,,2025-04-22 08:45:00,,,-1.0,27.5,EMA_Inversion_33,Sell to Close,,4.04,23.46,27.5,Unknown,Unknown
928,,2025-04-22 09:30:00,,,1.0,-77.5,EMA_Inversion_33,Buy to Close,,4.04,-81.54,-77.5,Unknown,Unknown
930,,2025-04-22 10:45:00,,,-1.0,173.75,SuperSignal_v6,Sell to Close,,4.04,169.71,173.75,Unknown,Unknown
932,,2025-04-22 16:15:00,,,-1.0,176.25,SuperSignal_v6,Sell to Close,,4.04,172.21,176.25,Unknown,Unknown
934,,2025-04-23 05:45:00,,,1.0,-86.25,EMA_Inversion_33,Buy to Close,,4.04,-90.29,-86.25,Unknown,Unknown
936,,2025-04-23 06:00:00,,,-1.0,42.5,EMA_Inversion_33,Sell to Close,,4.04,38.46,42.5,Unknown,Unknown
938,,2025-04-23 07:30:00,,,1.0,-60.0,EMA_Inversion_33,Buy to Close,,4.04,-64.04,-60.0,Unknown,Unknown
940,,2025-04-23 08:15:00,,,-1.0,-5.0,EMA_Inversion_33,Sell to Close,,4.04,-9.04,-5.0,Unknown,Unknown
942,,2025-04-23 09:15:00,,,1.0,-17.5,EMA_Inversion_33,Buy to Close,,4.04,-21.54,-17.5,Unknown,Unknown
944,,2025-04-23 09:30:00,,,-1.0,40.0,EMA_Inversion_33,Sell to Close,,4.04,35.96,40.0,Unknown,Unknown
946,,2025-04-23 15:30:00,,,1.0,290.0,SuperSignal_v6,Buy to Close,,4.04,285.96,290.0,Unknown,Unknown
948,,2025-04-24 06:15:00,,,-1.0,-7.5,EMA_Inversion_33,Sell to Close,,4.04,-11.54,-7.5,Unknown,Unknown
950,,2025-04-24 07:15:00,,,1.0,-66.25,EMA_Inversion_33,Buy to Close,,4.04,-70.29,-66.25,Unknown,Unknown
952,,2025-04-24 07:30:00,,,-1.0,-26.25,EMA_Inversion_33,Sell to Close,,4.04,-30.29,-26.25,Unknown,Unknown
954,,2025-04-24 07:45:00,,,1.0,28.75,EMA_Inversion_33,Buy to Close,,4.04,24.71,28.75,Unknown,Unknown
956,,2025-04-24 08:00:00,,,-1.0,25.0,EMA_Inversion_33,Sell to Close,,4.04,20.96,25.0,Unknown,Unknown
958,,2025-04-24 09:30:00,,,1.0,-120.0,EMA_Inversion_33,Buy to Close,,4.04,-124.04,-120.0,Unknown,Unknown
960,,2025-04-24 10:30:00,,,-1.0,251.25,SuperSignal_v6,Sell to Close,,4.04,247.21,251.25,Unknown,Unknown
962,,2025-04-25 05:00:00,,,1.0,18.75,EMA_Inversion_33,Buy to Close,,4.04,14.71,18.75,Unknown,Unknown
964,,2025-04-25 07:15:00,,,-1.0,-146.25,EMA_Inversion_33,Sell to Close,,4.04,-150.29,-146.25,Unknown,Unknown
966,,2025-04-25 07:30:00,,,1.0,-25.0,EMA_Inversion_33,Buy to Close,,4.04,-29.04,-25.0,Unknown,Unknown
968,,2025-04-25 13:30:00,,,-1.0,192.5,SuperSignal_v6,Sell to Close,,4.04,188.46,192.5,Unknown,Unknown
970,,2025-04-25 16:45:00,,,-1.0,127.5,SuperSignal_v6,Sell to Close,,4.04,123.46,127.5,Unknown,Unknown
972,,2025-04-28 07:00:00,,,1.0,42.5,EMA_Inversion_33,Buy to Close,,4.04,38.46,42.5,Unknown,Unknown
974,,2025-04-28 07:30:00,,,-1.0,45.0,EMA_Inversion_33,Sell to Close,,4.04,40.96,45.0,Unknown,Unknown
976,,2025-04-28 11:30:00,,,1.0,110.0,SuperSignal_v6,Buy to Close,,4.04,105.96,110.0,Unknown,Unknown
978,,2025-04-29 04:15:00,,,1.0,55.0,EMA_Inversion_33,Buy to Close,,4.04,50.96,55.0,Unknown,Unknown
980,,2025-04-29 04:30:00,,,-1.0,33.75,EMA_Inversion_33,Sell to Close,,4.04,29.71,33.75,Unknown,Unknown
982,,2025-04-29 06:45:00,,,1.0,65.0,EMA_Inversion_33,Buy to Close,,4.04,60.96,65.0,Unknown,Unknown
984,,2025-04-29 13:00:00,,,-1.0,-15.0,SuperSignal_v6,Sell to Close,,4.04,-19.04,-15.0,Unknown,Unknown
986,,2025-04-29 14:00:00,,,-1.0,105.0,SuperSignal_v6,Sell to Close,,4.04,100.96,105.0,Unknown,Unknown
988,,2025-04-30 06:45:00,,,1.0,41.25,EMA_Inversion_33,Buy to Close,,4.04,37.21,41.25,Unknown,Unknown
990,,2025-04-30 14:15:00,,,-1.0,2.5,SuperSignal_v6,Sell to Close,,4.04,-1.54,2.5,Unknown,Unknown
992,,2025-04-30 16:00:00,,,-1.0,138.75,SuperSignal_v6,Sell to Close,,4.04,134.71,138.75,Unknown,Unknown
994,,2025-05-01 09:00:00,,,1.0,38.75,EMA_Inversion_33,Buy to Close,,4.04,34.71,38.75,Unknown,Unknown
996,,2025-05-01 09:30:00,,,-1.0,27.5,EMA_Inversion_33,Sell to Close,,4.04,23.46,27.5,Unknown,Unknown
998,,2025-05-01 10:15:00,,,1.0,-26.25,SuperSignal_v6,Buy to Close,,4.04,-30.29,-26.25,Unknown,Unknown
1000,,2025-05-01 12:30:00,,,-1.0,-126.25,SuperSignal_v6,Sell to Close,,4.04,-130.29,-126.25,Unknown,Unknown
1002,,2025-05-01 16:00:00,,,-1.0,-78.75,SuperSignal_v6,Sell to Close,,4.04,-82.79,-78.75,Unknown,Unknown
1004,,2025-05-02 08:45:00,,,-1.0,100.0,EMA_Inversion_33,Sell to Close,,4.04,95.96,100.0,Unknown,Unknown
1006,,2025-05-05 04:45:00,,,1.0,37.5,EMA_Inversion_33,Buy to Close,,4.04,33.46,37.5,Unknown,Unknown
1008,,2025-05-05 12:15:00,,,-1.0,142.5,SuperSignal_v6,Sell to Close,,4.04,138.46,142.5,Unknown,Unknown
1010,,2025-05-06 09:30:00,,,-1.0,-185.0,EMA_Inversion_33,Sell to Close,,4.04,-189.04,-185.0,Unknown,Unknown
1012,,2025-05-06 10:15:00,,,1.0,-65.0,SuperSignal_v6,Buy to Close,,4.04,-69.04,-65.0,Unknown,Unknown
1014,,2025-05-06 12:15:00,,,-1.0,127.5,SuperSignal_v6,Sell to Close,,4.04,123.46,127.5,Unknown,Unknown
1016,,2025-05-06 16:15:00,,,-1.0,-97.5,SuperSignal_v6,Sell to Close,,4.04,-101.54,-97.5,Unknown,Unknown
1018,,2025-05-07 05:00:00,,,-1.0,25.0,EMA_Inversion_33,Sell to Close,,4.04,20.96,25.0,Unknown,Unknown
1020,,2025-05-07 08:15:00,,,1.0,78.75,EMA_Inversion_33,Buy to Close,,4.04,74.71,78.75,Unknown,Unknown
1022,,2025-05-07 11:00:00,,,-1.0,-38.75,SuperSignal_v6,Sell to Close,,4.04,-42.79,-38.75,Unknown,Unknown
1024,,2025-05-07 13:00:00,,,1.0,-142.5,SuperSignal_v6,Buy to Close,,4.04,-146.54,-142.5,Unknown,Unknown
1026,,2025-05-07 14:15:00,,,1.0,97.5,SuperSignal_v6,Buy to Close,,4.04,93.46,97.5,Unknown,Unknown
1028,,2025-05-07 15:45:00,,,1.0,-218.75,SuperSignal_v6,Buy to Close,,4.04,-222.79,-218.75,Unknown,Unknown
1030,,2025-05-08 07:45:00,,,1.0,-37.5,EMA_Inversion_33,Buy to Close,,4.04,-41.54,-37.5,Unknown,Unknown
1032,,2025-05-08 09:30:00,,,-1.0,-63.75,EMA_Inversion_33,Sell to Close,,4.04,-67.79,-63.75,Unknown,Unknown
1034,,2025-05-08 11:00:00,,,1.0,180.0,SuperSignal_v6,Buy to Close,,4.04,175.96,180.0,Unknown,Unknown
1036,,2025-05-08 12:00:00,,,-1.0,171.25,SuperSignal_v6,Sell to Close,,4.04,167.21,171.25,Unknown,Unknown
1038,,2025-05-08 16:00:00,,,-1.0,-85.0,SuperSignal_v6,Sell to Close,,4.04,-89.04,-85.0,Unknown,Unknown
1040,,2025-05-09 04:15:00,,,1.0,22.5,EMA_Inversion_33,Buy to Close,,4.04,18.46,22.5,Unknown,Unknown
1042,,2025-05-09 06:00:00,,,-1.0,35.0,EMA_Inversion_33,Sell to Close,,4.04,30.96,35.0,Unknown,Unknown
1044,,2025-05-09 07:30:00,,,1.0,-3.75,EMA_Inversion_33,Buy to Close,,4.04,-7.79,-3.75,Unknown,Unknown
1046,,2025-05-09 08:45:00,,,-1.0,57.5,EMA_Inversion_33,Sell to Close,,4.04,53.46,57.5,Unknown,Unknown
1048,,2025-05-11 18:00:00,,,1.0,105.0,SuperSignal_v6,Buy to Close,,4.04,100.96,105.0,Unknown,Unknown
1050,,2025-05-12 03:45:00,,,1.0,42.5,EMA_Inversion_33,Buy to Close,,4.04,38.46,42.5,Unknown,Unknown
1052,,2025-05-12 04:15:00,,,-1.0,-45.0,EMA_Inversion_33,Sell to Close,,4.04,-49.04,-45.0,Unknown,Unknown
1054,,2025-05-12 08:45:00,,,1.0,-141.25,EMA_Inversion_33,Buy to Close,,4.04,-145.29,-141.25,Unknown,Unknown
1056,,2025-05-12 16:00:00,,,-1.0,70.0,SuperSignal_v6,Sell to Close,,4.04,65.96,70.0,Unknown,Unknown
1058,,2025-05-13 06:00:00,,,-1.0,38.75,EMA_Inversion_33,Sell to Close,,4.04,34.71,38.75,Unknown,Unknown
1060,,2025-05-13 09:30:00,,,1.0,-98.75,EMA_Inversion_33,Buy to Close,,4.04,-102.79,-98.75,Unknown,Unknown
1062,,2025-05-13 10:15:00,,,-1.0,192.5,SuperSignal_v6,Sell to Close,,4.04,188.46,192.5,Unknown,Unknown
1064,,2025-05-13 16:00:00,,,-1.0,-61.25,SuperSignal_v6,Sell to Close,,4.04,-65.29,-61.25,Unknown,Unknown
1066,,2025-05-14 03:30:00,,,1.0,58.75,EMA_Inversion_33,Buy to Close,,4.04,54.71,58.75,Unknown,Unknown
1068,,2025-05-14 04:00:00,,,-1.0,25.0,EMA_Inversion_33,Sell to Close,,4.04,20.96,25.0,Unknown,Unknown
1070,,2025-05-14 05:00:00,,,1.0,21.25,EMA_Inversion_33,Buy to Close,,4.04,17.21,21.25,Unknown,Unknown
1072,,2025-05-14 07:15:00,,,-1.0,37.5,EMA_Inversion_33,Sell to Close,,4.04,33.46,37.5,Unknown,Unknown
1074,,2025-05-14 13:30:00,,,1.0,92.5,SuperSignal_v6,Buy to Close,,4.04,88.46,92.5,Unknown,Unknown
1076,,2025-05-14 18:00:00,,,1.0,2.5,SuperSignal_v6,Buy to Close,,4.04,-1.54,2.5,Unknown,Unknown
1078,,2025-05-15 06:00:00,,,-1.0,-11.25,EMA_Inversion_33,Sell to Close,,4.04,-15.29,-11.25,Unknown,Unknown
1080,,2025-05-15 06:45:00,,,1.0,21.25,EMA_Inversion_33,Buy to Close,,4.04,17.21,21.25,Unknown,Unknown
1082,,2025-05-15 08:00:00,,,-1.0,35.0,EMA_Inversion_33,Sell to Close,,4.04,30.96,35.0,Unknown,Unknown
1084,,2025-05-15 09:30:00,,,1.0,-22.5,EMA_Inversion_33,Buy to Close,,4.04,-26.54,-22.5,Unknown,Unknown
1086,,2025-05-15 11:30:00,,,-1.0,140.0,SuperSignal_v6,Sell to Close,,4.04,135.96,140.0,Unknown,Unknown
1088,,2025-05-15 15:30:00,,,-1.0,-61.25,SuperSignal_v6,Sell to Close,,4.04,-65.29,-61.25,Unknown,Unknown
1090,,2025-05-16 09:00:00,,,1.0,-37.5,EMA_Inversion_33,Buy to Close,,4.04,-41.54,-37.5,Unknown,Unknown
1092,,2025-05-16 13:30:00,,,-1.0,103.75,SuperSignal_v6,Sell to Close,,4.04,99.71,103.75,Unknown,Unknown
1094,,2025-05-19 05:30:00,,,-1.0,7.5,EMA_Inversion_33,Sell to Close,,4.04,3.46,7.5,Unknown,Unknown
1096,,2025-05-19 06:15:00,,,1.0,33.75,EMA_Inversion_33,Buy to Close,,4.04,29.71,33.75,Unknown,Unknown
1098,,2025-05-19 06:45:00,,,-1.0,55.0,EMA_Inversion_33,Sell to Close,,4.04,50.96,55.0,Unknown,Unknown
1100,,2025-05-19 09:15:00,,,1.0,12.5,EMA_Inversion_33,Buy to Close,,4.04,8.46,12.5,Unknown,Unknown
1102,,2025-05-19 09:30:00,,,-1.0,26.25,EMA_Inversion_33,Sell to Close,,4.04,22.21,26.25,Unknown,Unknown
1104,,2025-05-20 03:45:00,,,1.0,-245.0,EMA_Inversion_33,Buy to Close,,4.04,-249.04,-245.0,Unknown,Unknown
1106,,2025-05-20 07:00:00,,,-1.0,46.25,EMA_Inversion_33,Sell to Close,,4.04,42.21,46.25,Unknown,Unknown
1108,,2025-05-20 13:15:00,,,1.0,11.25,SuperSignal_v6,Buy to Close,,4.04,7.21,11.25,Unknown,Unknown
1110,,2025-05-20 15:15:00,,,1.0,62.5,SuperSignal_v6,Buy to Close,,4.04,58.46,62.5,Unknown,Unknown
1112,,2025-05-21 04:45:00,,,-1.0,-30.0,EMA_Inversion_33,Sell to Close,,4.04,-34.04,-30.0,Unknown,Unknown
1114,,2025-05-21 05:15:00,,,1.0,2.5,EMA_Inversion_33,Buy to Close,,4.04,-1.54,2.5,Unknown,Unknown
1116,,2025-05-21 07:00:00,,,-1.0,-25.0,EMA_Inversion_33,Sell to Close,,4.04,-29.04,-25.0,Unknown,Unknown
1118,,2025-05-21 08:45:00,,,1.0,-1.25,EMA_Inversion_33,Buy to Close,,4.04,-5.29,-1.25,Unknown,Unknown
1120,,2025-05-21 13:00:00,,,-1.0,181.25,SuperSignal_v6,Sell to Close,,4.04,177.21,181.25,Unknown,Unknown
1122,,2025-05-21 15:15:00,,,1.0,157.5,SuperSignal_v6,Buy to Close,,4.04,153.46,157.5,Unknown,Unknown
1124,,2025-05-22 07:00:00,,,1.0,18.75,EMA_Inversion_33,Buy to Close,,4.04,14.71,18.75,Unknown,Unknown
1126,,2025-05-22 08:45:00,,,-1.0,-96.25,EMA_Inversion_33,Sell to Close,,4.04,-100.29,-96.25,Unknown,Unknown
1128,,2025-05-22 09:00:00,,,1.0,-70.0,EMA_Inversion_33,Buy to Close,,4.04,-74.04,-70.0,Unknown,Unknown
1130,,2025-05-22 09:15:00,,,-1.0,11.25,EMA_Inversion_33,Sell to Close,,4.04,7.21,11.25,Unknown,Unknown
1132,,2025-05-23 05:15:00,,,1.0,23.75,EMA_Inversion_33,Buy to Close,,4.04,19.71,23.75,Unknown,Unknown
1134,,2025-05-23 06:00:00,,,-1.0,3.75,EMA_Inversion_33,Sell to Close,,4.04,-0.29000000000000004,3.75,Unknown,Unknown
1136,,2025-05-23 06:15:00,,,1.0,21.25,EMA_Inversion_33,Buy to Close,,4.04,17.21,21.25,Unknown,Unknown
1138,,2025-05-23 08:30:00,,,-1.0,-365.0,EMA_Inversion_33,Sell to Close,,4.04,-369.04,-365.0,Unknown,Unknown
1140,,2025-05-23 08:45:00,,,1.0,5.0,EMA_Inversion_33,Buy to Close,,4.04,0.96,5.0,Unknown,Unknown
1142,,2025-05-23 13:30:00,,,-1.0,270.0,SuperSignal_v6,Sell to Close,,4.04,265.96,270.0,Unknown,Unknown
1144,,2025-05-27 04:00:00,,,1.0,-102.5,EMA_Inversion_33,Buy to Close,,4.04,-106.54,-102.5,Unknown,Unknown
1146,,2025-05-27 04:15:00,,,-1.0,-2.5,EMA_Inversion_33,Sell to Close,,4.04,-6.54,-2.5,Unknown,Unknown
1148,,2025-05-27 08:45:00,,,1.0,80.0,EMA_Inversion_33,Buy to Close,,4.04,75.96,80.0,Unknown,Unknown
1150,,2025-05-27 09:30:00,,,-1.0,-20.0,EMA_Inversion_33,Sell to Close,,4.04,-24.04,-20.0,Unknown,Unknown
1152,,2025-05-28 03:30:00,,,1.0,-193.75,EMA_Inversion_33,Buy to Close,,4.04,-197.79,-193.75,Unknown,Unknown
1154,,2025-05-28 06:45:00,,,-1.0,66.25,EMA_Inversion_33,Sell to Close,,4.04,62.21,66.25,Unknown,Unknown
1156,,2025-05-28 09:30:00,,,1.0,-12.5,EMA_Inversion_33,Buy to Close,,4.04,-16.54,-12.5,Unknown,Unknown
1158,,2025-05-29 03:45:00,,,-1.0,301.25,EMA_Inversion_33,Sell to Close,,4.04,297.21,301.25,Unknown,Unknown
1160,,2025-05-29 04:30:00,,,1.0,33.75,EMA_Inversion_33,Buy to Close,,4.04,29.71,33.75,Unknown,Unknown
1162,,2025-05-30 04:15:00,,,-1.0,-378.75,EMA_Inversion_33,Sell to Close,,4.04,-382.79,-378.75,Unknown,Unknown
1164,,2025-05-30 08:15:00,,,1.0,146.25,EMA_Inversion_33,Buy to Close,,4.04,142.21,146.25,Unknown,Unknown
1166,,2025-05-30 08:45:00,,,-1.0,72.5,EMA_Inversion_33,Sell to Close,,4.04,68.46,72.5,Unknown,Unknown
1168,,2025-05-30 09:00:00,,,1.0,22.5,EMA_Inversion_33,Buy to Close,,4.04,18.46,22.5,Unknown,Unknown
1170,,2025-05-30 12:30:00,,,-1.0,-46.25,SuperSignal_v6,Sell to Close,,4.04,-50.29,-46.25,Unknown,Unknown
1172,,2025-06-01 18:00:00,,,-1.0,-15.0,SuperSignal_v6,Sell to Close,,4.04,-19.04,-15.0,Unknown,Unknown
1174,,2025-06-02 03:45:00,,,-1.0,55.0,EMA_Inversion_33,Sell to Close,,4.04,50.96,55.0,Unknown,Unknown
1176,,2025-06-02 04:00:00,,,1.0,-2.5,EMA_Inversion_33,Buy to Close,,4.04,-6.54,-2.5,Unknown,Unknown
1178,,2025-06-02 04:15:00,,,-1.0,50.0,EMA_Inversion_33,Sell to Close,,4.04,45.96,50.0,Unknown,Unknown
1180,,2025-06-02 05:15:00,,,1.0,45.0,EMA_Inversion_33,Buy to Close,,4.04,40.96,45.0,Unknown,Unknown
1182,,2025-06-02 07:00:00,,,-1.0,42.5,EMA_Inversion_33,Sell to Close,,4.04,38.46,42.5,Unknown,Unknown
1184,,2025-06-02 09:30:00,,,1.0,-36.25,EMA_Inversion_33,Buy to Close,,4.04,-40.29,-36.25,Unknown,Unknown
1186,,2025-06-02 14:30:00,,,-1.0,187.5,SuperSignal_v6,Sell to Close,,4.04,183.46,187.5,Unknown,Unknown
1188,,2025-06-03 05:45:00,,,-1.0,55.0,EMA_Inversion_33,Sell to Close,,4.04,50.96,55.0,Unknown,Unknown
1190,,2025-06-03 06:15:00,,,1.0,18.75,EMA_Inversion_33,Buy to Close,,4.04,14.71,18.75,Unknown,Unknown
1192,,2025-06-03 06:45:00,,,-1.0,28.75,EMA_Inversion_33,Sell to Close,,4.04,24.71,28.75,Unknown,Unknown
1194,,2025-06-03 09:30:00,,,1.0,-86.25,EMA_Inversion_33,Buy to Close,,4.04,-90.29,-86.25,Unknown,Unknown
1196,,2025-06-03 11:45:00,,,-1.0,150.0,SuperSignal_v6,Sell to Close,,4.04,145.96,150.0,Unknown,Unknown
1198,,2025-06-03 18:00:00,,,-1.0,-11.25,SuperSignal_v6,Sell to Close,,4.04,-15.29,-11.25,Unknown,Unknown
1200,,2025-06-04 08:30:00,,,1.0,18.75,EMA_Inversion_33,Buy to Close,,4.04,14.71,18.75,Unknown,Unknown
1202,,2025-06-05 03:30:00,,,-1.0,60.0,EMA_Inversion_33,Sell to Close,,4.04,55.96,60.0,Unknown,Unknown
1204,,2025-06-05 05:15:00,,,1.0,32.5,EMA_Inversion_33,Buy to Close,,4.04,28.46,32.5,Unknown,Unknown
1206,,2025-06-05 05:45:00,,,-1.0,13.75,EMA_Inversion_33,Sell to Close,,4.04,9.71,13.75,Unknown,Unknown
1208,,2025-06-05 07:15:00,,,1.0,43.75,EMA_Inversion_33,Buy to Close,,4.04,39.71,43.75,Unknown,Unknown
1210,,2025-06-05 09:00:00,,,-1.0,70.0,EMA_Inversion_33,Sell to Close,,4.04,65.96,70.0,Unknown,Unknown
1212,,2025-06-05 09:30:00,,,1.0,-13.75,EMA_Inversion_33,Buy to Close,,4.04,-17.79,-13.75,Unknown,Unknown
1214,,2025-06-05 13:00:00,,,-1.0,-77.5,SuperSignal_v6,Sell to Close,,4.04,-81.54,-77.5,Unknown,Unknown
1216,,2025-06-05 15:30:00,,,1.0,151.25,SuperSignal_v6,Buy to Close,,4.04,147.21,151.25,Unknown,Unknown
1218,,2025-06-06 14:15:00,,,1.0,-206.25,SuperSignal_v6,Buy to Close,,4.04,-210.29,-206.25,Unknown,Unknown
1220,,2025-06-10 03:15:00,,,1.0,-15.0,EMA_Inversion_33,Buy to Close,,4.04,-19.04,-15.0,Unknown,Unknown
1222,,2025-06-10 04:00:00,,,-1.0,-10.0,EMA_Inversion_33,Sell to Close,,4.04,-14.04,-10.0,Unknown,Unknown
1224,,2025-06-10 04:15:00,,,1.0,37.5,EMA_Inversion_33,Buy to Close,,4.04,33.46,37.5,Unknown,Unknown
1226,,2025-06-10 04:45:00,,,-1.0,53.75,EMA_Inversion_33,Sell to Close,,4.04,49.71,53.75,Unknown,Unknown
1228,,2025-06-11 03:30:00,,,1.0,-93.75,EMA_Inversion_33,Buy to Close,,4.04,-97.79,-93.75,Unknown,Unknown
1230,,2025-06-11 04:00:00,,,-1.0,31.25,EMA_Inversion_33,Sell to Close,,4.04,27.21,31.25,Unknown,Unknown
1232,,2025-06-11 08:45:00,,,1.0,-148.75,EMA_Inversion_33,Buy to Close,,4.04,-152.79,-148.75,Unknown,Unknown
1234,,2025-06-11 09:00:00,,,-1.0,-18.75,EMA_Inversion_33,Sell to Close,,4.04,-22.79,-18.75,Unknown,Unknown
1236,,2025-06-11 09:15:00,,,1.0,15.0,EMA_Inversion_33,Buy to Close,,4.04,10.96,15.0,Unknown,Unknown
1238,,2025-06-11 12:15:00,,,-1.0,-53.75,SuperSignal_v6,Sell to Close,,4.04,-57.79,-53.75,Unknown,Unknown
1240,,2025-06-11 14:00:00,,,-1.0,-78.75,SuperSignal_v6,Sell to Close,,4.04,-82.79,-78.75,Unknown,Unknown
1242,,2025-06-12 08:45:00,,,-1.0,66.25,EMA_Inversion_33,Sell to Close,,4.04,62.21,66.25,Unknown,Unknown
1244,,2025-06-12 09:30:00,,,1.0,-6.25,EMA_Inversion_33,Buy to Close,,4.04,-10.29,-6.25,Unknown,Unknown
1246,,2025-06-12 18:00:00,,,-1.0,142.5,SuperSignal_v6,Sell to Close,,4.04,138.46,142.5,Unknown,Unknown
1248,,2025-06-13 09:30:00,,,1.0,-120.0,EMA_Inversion_33,Buy to Close,,4.04,-124.04,-120.0,Unknown,Unknown
1250,,2025-06-13 14:30:00,,,-1.0,-23.75,SuperSignal_v6,Sell to Close,,4.04,-27.79,-23.75,Unknown,Unknown
1252,,2025-06-16 05:45:00,,,1.0,47.5,EMA_Inversion_33,Buy to Close,,4.04,43.46,47.5,Unknown,Unknown
1254,,2025-06-16 06:15:00,,,-1.0,21.25,EMA_Inversion_33,Sell to Close,,4.04,17.21,21.25,Unknown,Unknown
1256,,2025-06-17 03:15:00,,,1.0,0.0,EMA_Inversion_33,Buy to Close,,4.04,-4.04,0.0,Unknown,Unknown
1258,,2025-06-17 07:15:00,,,-1.0,3.75,EMA_Inversion_33,Sell to Close,,4.04,-0.29000000000000004,3.75,Unknown,Unknown
1260,,2025-06-17 09:30:00,,,1.0,-23.75,EMA_Inversion_33,Buy to Close,,4.04,-27.79,-23.75,Unknown,Unknown
1262,,2025-06-17 13:00:00,,,-1.0,-15.0,SuperSignal_v6,Sell to Close,,4.04,-19.04,-15.0,Unknown,Unknown
1264,,2025-06-17 14:00:00,,,1.0,75.0,SuperSignal_v6,Buy to Close,,4.04,70.96,75.0,Unknown,Unknown
1266,,2025-06-18 07:00:00,,,1.0,80.0,EMA_Inversion_33,Buy to Close,,4.04,75.96,80.0,Unknown,Unknown
1268,,2025-06-18 07:45:00,,,-1.0,56.25,EMA_Inversion_33,Sell to Close,,4.04,52.21,56.25,Unknown,Unknown
1270,,2025-06-18 08:45:00,,,1.0,15.0,EMA_Inversion_33,Buy to Close,,4.04,10.96,15.0,Unknown,Unknown
1272,,2025-06-18 09:30:00,,,-1.0,6.25,EMA_Inversion_33,Sell to Close,,4.04,2.21,6.25,Unknown,Unknown
1274,,2025-06-19 03:15:00,,,1.0,156.25,EMA_Inversion_33,Buy to Close,,4.04,152.21,156.25,Unknown,Unknown
1276,,2025-06-19 03:30:00,,,-1.0,-33.75,EMA_Inversion_33,Sell to Close,,4.04,-37.79,-33.75,Unknown,Unknown
1278,,2025-06-19 03:45:00,,,1.0,10.0,EMA_Inversion_33,Buy to Close,,4.04,5.96,10.0,Unknown,Unknown
1280,,2025-06-20 03:30:00,,,-1.0,96.25,EMA_Inversion_33,Sell to Close,,4.04,92.21,96.25,Unknown,Unknown
1282,,2025-06-20 04:45:00,,,1.0,23.75,EMA_Inversion_33,Buy to Close,,4.04,19.71,23.75,Unknown,Unknown
1284,,2025-06-20 07:45:00,,,-1.0,102.5,EMA_Inversion_33,Sell to Close,,4.04,98.46,102.5,Unknown,Unknown
1286,,2025-06-20 11:00:00,,,1.0,122.5,SuperSignal_v6,Buy to Close,,4.04,118.46,122.5,Unknown,Unknown
1288,,2025-06-20 16:15:00,,,1.0,-30.0,SuperSignal_v6,Buy to Close,,4.04,-34.04,-30.0,Unknown,Unknown
1290,,2025-06-23 07:15:00,,,1.0,38.75,EMA_Inversion_33,Buy to Close,,4.04,34.71,38.75,Unknown,Unknown
1292,,2025-06-23 08:15:00,,,-1.0,7.5,EMA_Inversion_33,Sell to Close,,4.04,3.46,7.5,Unknown,Unknown
1294,,2025-06-23 08:30:00,,,1.0,11.25,EMA_Inversion_33,Buy to Close,,4.04,7.21,11.25,Unknown,Unknown
1296,,2025-06-23 09:00:00,,,-1.0,58.75,EMA_Inversion_33,Sell to Close,,4.04,54.71,58.75,Unknown,Unknown
1298,,2025-06-24 07:00:00,,,1.0,-481.25,EMA_Inversion_33,Buy to Close,,4.04,-485.29,-481.25,Unknown,Unknown
1300,,2025-06-24 09:30:00,,,-1.0,-23.75,EMA_Inversion_33,Sell to Close,,4.04,-27.79,-23.75,Unknown,Unknown
1302,,2025-06-25 04:30:00,,,1.0,-131.25,EMA_Inversion_33,Buy to Close,,4.04,-135.29,-131.25,Unknown,Unknown
1304,,2025-06-25 07:45:00,,,-1.0,35.0,EMA_Inversion_33,Sell to Close,,4.04,30.96,35.0,Unknown,Unknown
1306,,2025-06-25 11:00:00,,,1.0,-37.5,SuperSignal_v6,Buy to Close,,4.04,-41.54,-37.5,Unknown,Unknown
1308,,2025-06-25 15:15:00,,,1.0,-3.75,SuperSignal_v6,Buy to Close,,4.04,-7.79,-3.75,Unknown,Unknown
1310,,2025-06-27 09:15:00,,,1.0,-216.25,EMA_Inversion_33,Buy to Close,,4.04,-220.29,-216.25,Unknown,Unknown
1312,,2025-06-27 09:30:00,,,-1.0,-5.0,EMA_Inversion_33,Sell to Close,,4.04,-9.04,-5.0,Unknown,Unknown
1314,,2025-06-27 16:00:00,,,1.0,-73.75,SuperSignal_v6,Buy to Close,,4.04,-77.79,-73.75,Unknown,Unknown
1316,,2025-06-30 08:45:00,,,1.0,23.75,EMA_Inversion_33,Buy to Close,,4.04,19.71,23.75,Unknown,Unknown
1318,,2025-06-30 18:00:00,,,-1.0,2.5,SuperSignal_v6,Sell to Close,,4.04,-1.54,2.5,Unknown,Unknown
1320,,2025-07-01 11:00:00,,,-1.0,-37.5,SuperSignal_v6,Sell to Close,,4.04,-41.54,-37.5,Unknown,Unknown
1322,,2025-07-01 11:30:00,,,1.0,-88.75,SuperSignal_v6,Buy to Close,,4.04,-92.79,-88.75,Unknown,Unknown
1324,,2025-07-01 16:15:00,,,-1.0,20.0,SuperSignal_v6,Sell to Close,,4.04,15.96,20.0,Unknown,Unknown
1326,,2025-07-02 08:00:00,,,-1.0,-28.75,EMA_Inversion_33,Sell to Close,,4.04,-32.79,-28.75,Unknown,Unknown
1328,,2025-07-02 08:45:00,,,1.0,61.25,EMA_Inversion_33,Buy to Close,,4.04,57.21,61.25,Unknown,Unknown
1330,,2025-07-02 10:45:00,,,-1.0,126.25,SuperSignal_v6,Sell to Close,,4.04,122.21,126.25,Unknown,Unknown
1332,,2025-07-03 05:00:00,,,1.0,43.75,EMA_Inversion_33,Buy to Close,,4.04,39.71,43.75,Unknown,Unknown
1334,,2025-07-03 08:00:00,,,-1.0,31.25,EMA_Inversion_33,Sell to Close,,4.04,27.21,31.25,Unknown,Unknown
1336,,2025-07-03 08:45:00,,,1.0,-37.5,EMA_Inversion_33,Buy to Close,,4.04,-41.54,-37.5,Unknown,Unknown
1338,,2025-07-03 09:00:00,,,-1.0,-15.0,EMA_Inversion_33,Sell to Close,,4.04,-19.04,-15.0,Unknown,Unknown
1340,,2025-07-03 09:15:00,,,1.0,-22.5,EMA_Inversion_33,Buy to Close,,4.04,-26.54,-22.5,Unknown,Unknown
1342,,2025-07-03 09:30:00,,,-1.0,16.25,EMA_Inversion_33,Sell to Close,,4.04,12.21,16.25,Unknown,Unknown
1344,,2025-07-04 03:15:00,,,1.0,-25.0,EMA_Inversion_33,Buy to Close,,4.04,-29.04,-25.0,Unknown,Unknown
1346,,2025-07-07 05:45:00,,,-1.0,7.5,EMA_Inversion_33,Sell to Close,,4.04,3.46,7.5,Unknown,Unknown
1348,,2025-07-07 09:00:00,,,1.0,-16.25,EMA_Inversion_33,Buy to Close,,4.04,-20.29,-16.25,Unknown,Unknown
1350,,2025-07-07 10:15:00,,,-1.0,-35.0,Inversion_33_TimeGate_SOL,Sell to Close,,4.04,-39.04,-35.0,Unknown,Unknown
1352,,2025-07-07 12:00:00,,,1.0,61.25,SuperSignal_v6,Buy to Close,,4.04,57.21,61.25,Unknown,Unknown
1354,,2025-07-07 18:00:00,,,1.0,8.75,SuperSignal_v6,Buy to Close,,4.04,4.71,8.75,Unknown,Unknown
1356,,2025-07-08 06:30:00,,,1.0,25.0,EMA_Inversion_33,Buy to Close,,4.04,20.96,25.0,Unknown,Unknown
1358,,2025-07-08 07:15:00,,,-1.0,31.25,EMA_Inversion_33,Sell to Close,,4.04,27.21,31.25,Unknown,Unknown
1360,,2025-07-08 10:45:00,,,1.0,17.5,SuperSignal_v6,Buy to Close,,4.04,13.46,17.5,Unknown,Unknown
1362,,2025-07-08 12:30:00,,,1.0,-66.25,SuperSignal_v6,Buy to Close,,4.04,-70.29,-66.25,Unknown,Unknown
1364,,2025-07-08 18:00:00,,,1.0,-1.25,SuperSignal_v6,Buy to Close,,4.04,-5.29,-1.25,Unknown,Unknown
1366,,2025-07-09 03:30:00,,,-1.0,-7.5,EMA_Inversion_33,Sell to Close,,4.04,-11.54,-7.5,Unknown,Unknown
1368,,2025-07-09 09:30:00,,,1.0,-128.75,EMA_Inversion_33,Buy to Close,,4.04,-132.79,-128.75,Unknown,Unknown
1370,,2025-07-10 04:15:00,,,-1.0,6.25,EMA_Inversion_33,Sell to Close,,4.04,2.21,6.25,Unknown,Unknown
1372,,2025-07-10 09:30:00,,,1.0,-55.0,EMA_Inversion_33,Buy to Close,,4.04,-59.04,-55.0,Unknown,Unknown
1374,,2025-07-10 13:15:00,,,-1.0,100.0,SuperSignal_v6,Sell to Close,,4.04,95.96,100.0,Unknown,Unknown
1376,,2025-07-11 08:00:00,,,-1.0,-33.75,EMA_Inversion_33,Sell to Close,,4.04,-37.79,-33.75,Unknown,Unknown
1378,,2025-07-11 08:30:00,,,1.0,22.5,EMA_Inversion_33,Buy to Close,,4.04,18.46,22.5,Unknown,Unknown
1380,,2025-07-11 15:15:00,,,-1.0,68.75,SuperSignal_v6,Sell to Close,,4.04,64.71,68.75,Unknown,Unknown
1382,,2025-07-11 16:15:00,,,-1.0,-53.75,SuperSignal_v6,Sell to Close,,4.04,-57.79,-53.75,Unknown,Unknown
1384,,2025-07-14 04:00:00,,,-1.0,62.5,EMA_Inversion_33,Sell to Close,,4.04,58.46,62.5,Unknown,Unknown
1386,,2025-07-14 09:30:00,,,1.0,-88.75,EMA_Inversion_33,Buy to Close,,4.04,-92.79,-88.75,Unknown,Unknown
1388,,2025-07-14 18:00:00,,,-1.0,75.0,SuperSignal_v6,Sell to Close,,4.04,70.96,75.0,Unknown,Unknown
1390,,2025-07-15 08:30:00,,,1.0,15.0,EMA_Inversion_33,Buy to Close,,4.04,10.96,15.0,Unknown,Unknown
1392,,2025-07-15 09:15:00,,,-1.0,47.5,EMA_Inversion_33,Sell to Close,,4.04,43.46,47.5,Unknown,Unknown
1394,,2025-07-15 11:00:00,,,1.0,181.25,SuperSignal_v6,Buy to Close,,4.04,177.21,181.25,Unknown,Unknown
1396,,2025-07-15 15:00:00,,,1.0,46.25,SuperSignal_v6,Buy to Close,,4.04,42.21,46.25,Unknown,Unknown
1398,,2025-07-16 09:30:00,,,1.0,-88.75,EMA_Inversion_33,Buy to Close,,4.04,-92.79,-88.75,Unknown,Unknown
1400,,2025-07-16 18:00:00,,,-1.0,5.0,SuperSignal_v6,Sell to Close,,4.04,0.96,5.0,Unknown,Unknown
1402,,2025-07-17 07:45:00,,,1.0,42.5,EMA_Inversion_33,Buy to Close,,4.04,38.46,42.5,Unknown,Unknown
1404,,2025-07-17 09:00:00,,,-1.0,71.25,EMA_Inversion_33,Sell to Close,,4.04,67.21,71.25,Unknown,Unknown
1406,,2025-07-18 04:00:00,,,1.0,-158.75,EMA_Inversion_33,Buy to Close,,4.04,-162.79,-158.75,Unknown,Unknown
1408,,2025-07-18 09:15:00,,,-1.0,28.75,EMA_Inversion_33,Sell to Close,,4.04,24.71,28.75,Unknown,Unknown
1410,,2025-07-18 09:30:00,,,1.0,-1.25,EMA_Inversion_33,Buy to Close,,4.04,-5.29,-1.25,Unknown,Unknown
1412,,2025-07-21 03:15:00,,,-1.0,-10.0,EMA_Inversion_33,Sell to Close,,4.04,-14.04,-10.0,Unknown,Unknown
1414,,2025-07-21 08:45:00,,,1.0,15.0,EMA_Inversion_33,Buy to Close,,4.04,10.96,15.0,Unknown,Unknown
1416,,2025-07-21 11:45:00,,,-1.0,131.25,SuperSignal_v6,Sell to Close,,4.04,127.21,131.25,Unknown,Unknown
1418,,2025-07-21 14:45:00,,,-1.0,-10.0,SuperSignal_v6,Sell to Close,,4.04,-14.04,-10.0,Unknown,Unknown
1420,,2025-07-22 08:00:00,,,-1.0,42.5,EMA_Inversion_33,Sell to Close,,4.04,38.46,42.5,Unknown,Unknown
1422,,2025-07-22 09:30:00,,,1.0,-7.5,EMA_Inversion_33,Buy to Close,,4.04,-11.54,-7.5,Unknown,Unknown
1424,,2025-07-22 18:00:00,,,-1.0,-2.5,SuperSignal_v6,Sell to Close,,4.04,-6.54,-2.5,Unknown,Unknown
1426,,2025-07-23 12:00:00,,,1.0,-36.25,SuperSignal_v6,Buy to Close,,4.04,-40.29,-36.25,Unknown,Unknown
1428,,2025-07-24 03:30:00,,,1.0,30.0,EMA_Inversion_33,Buy to Close,,4.04,25.96,30.0,Unknown,Unknown
1430,,2025-07-24 05:30:00,,,-1.0,35.0,EMA_Inversion_33,Sell to Close,,4.04,30.96,35.0,Unknown,Unknown
1432,,2025-07-24 09:15:00,,,1.0,27.5,EMA_Inversion_33,Buy to Close,,4.04,23.46,27.5,Unknown,Unknown
1434,,2025-07-24 11:00:00,,,-1.0,73.75,Inversion_33_TimeGate_SOL,Sell to Close,,4.04,69.71,73.75,Unknown,Unknown
1435,,2025-07-24 13:15:00,,,-1.0,-50.0,SuperSignal_v6,Sell to Close,,4.04,-54.04,-50.0,Unknown,Unknown
1438,,2025-07-24 16:00:00,,,-1.0,-41.25,SuperSignal_v6,Sell to Close,,4.04,-45.29,-41.25,Unknown,Unknown
1440,,2025-07-25 09:30:00,,,-1.0,-5.0,EMA_Inversion_33,Sell to Close,,4.04,-9.04,-5.0,Unknown,Unknown
1442,,2025-07-28 03:30:00,,,1.0,-212.5,EMA_Inversion_33,Buy to Close,,4.04,-216.54,-212.5,Unknown,Unknown
1444,,2025-07-28 09:30:00,,,-1.0,-93.75,EMA_Inversion_33,Sell to Close,,4.04,-97.79,-93.75,Unknown,Unknown
1446,,2025-07-28 11:45:00,,,1.0,12.5,Inversion_33_TimeGate_SOL,Buy to Close,,4.04,8.46,12.5,Unknown,Unknown
1447,,2025-07-28 13:00:00,,,1.0,0.0,Inversion_33_TimeGate_SOL,Buy to Close,,4.04,-4.04,0.0,Unknown,Unknown
1450,,2025-07-29 09:00:00,,,1.0,-7.5,EMA_Inversion_33,Buy to Close,,4.04,-11.54,-7.5,Unknown,Unknown
1452,,2025-07-29 10:00:00,,,-1.0,-7.5,Inversion_33_TimeGate_SOL,Sell to Close,,4.04,-11.54,-7.5,Unknown,Unknown
1454,,2025-07-29 11:00:00,,,1.0,37.5,SuperSignal_v6,Buy to Close,,4.04,33.46,37.5,Unknown,Unknown
1456,,2025-07-29 18:00:00,,,1.0,10.0,SuperSignal_v6,Buy to Close,,4.04,5.96,10.0,Unknown,Unknown
1458,,2025-07-30 07:00:00,,,-1.0,30.0,EMA_Inversion_33,Sell to Close,,4.04,25.96,30.0,Unknown,Unknown
1460,,2025-07-30 09:00:00,,,1.0,16.25,EMA_Inversion_33,Buy to Close,,4.04,12.21,16.25,Unknown,Unknown
1462,,2025-07-30 11:00:00,,,-1.0,18.75,Inversion_33_TimeGate_SOL,Sell to Close,,4.04,14.71,18.75,Unknown,Unknown
1464,,2025-07-30 12:00:00,,,1.0,-51.25,SuperSignal_v6,Buy to Close,,4.04,-55.29,-51.25,Unknown,Unknown
1465,,2025-07-30 13:45:00,,,-1.0,-33.75,SuperSignal_v6,Sell to Close,,4.04,-37.79,-33.75,Unknown,Unknown
1467,,2025-07-30 14:30:00,,,-1.0,0.0,Inversion_33_TimeGate_SOL,Sell to Close,,4.04,-4.04,0.0,Unknown,Unknown
1470,,2025-07-30 16:15:00,,,1.0,-107.5,SuperSignal_v6,Buy to Close,,4.04,-111.54,-107.5,Unknown,Unknown
1472,,2025-07-31 07:00:00,,,1.0,46.25,EMA_Inversion_33,Buy to Close,,4.04,42.21,46.25,Unknown,Unknown
1474,,2025-07-31 09:30:00,,,-1.0,-25.0,EMA_Inversion_33,Sell to Close,,4.04,-29.04,-25.0,Unknown,Unknown
1476,,2025-07-31 13:30:00,,,1.0,175.0,SuperSignal_v6,Buy to Close,,4.04,170.96,175.0,Unknown,Unknown
1478,,2025-08-01 08:45:00,,,-1.0,-82.5,EMA_Inversion_33,Sell to Close,,4.04,-86.54,-82.5,Unknown,Unknown
1480,,2025-08-01 09:00:00,,,1.0,90.0,EMA_Inversion_33,Buy to Close,,4.04,85.96,90.0,Unknown,Unknown
1482,,2025-08-01 11:30:00,,,-1.0,-221.25,Inversion_33_TimeGate_SOL,Sell to Close,,4.04,-225.29,-221.25,Unknown,Unknown
1483,,2025-08-01 13:00:00,,,1.0,-113.75,SuperSignal_v6,Buy to Close,,4.04,-117.79,-113.75,Unknown,Unknown
1486,,2025-08-03 18:00:00,,,1.0,-13.75,SuperSignal_v6,Buy to Close,,4.04,-17.79,-13.75,Unknown,Unknown
1488,,2025-08-04 09:30:00,,,1.0,-50.0,EMA_Inversion_33,Buy to Close,,4.04,-54.04,-50.0,Unknown,Unknown
1490,,2025-08-04 13:00:00,,,-1.0,233.75,SuperSignal_v6,Sell to Close,,4.04,229.71,233.75,Unknown,Unknown
1492,,2025-08-04 16:00:00,,,-1.0,40.0,SuperSignal_v6,Sell to Close,,4.04,35.96,40.0,Unknown,Unknown
1494,,2025-08-05 06:45:00,,,-1.0,47.5,EMA_Inversion_33,Sell to Close,,4.04,43.46,47.5,Unknown,Unknown
1496,,2025-08-05 09:00:00,,,1.0,36.25,EMA_Inversion_33,Buy to Close,,4.04,32.21,36.25,Unknown,Unknown
1498,,2025-08-06 03:15:00,,,-1.0,-35.0,EMA_Inversion_33,Sell to Close,,4.04,-39.04,-35.0,Unknown,Unknown
1500,,2025-08-06 04:45:00,,,1.0,61.25,EMA_Inversion_33,Buy to Close,,4.04,57.21,61.25,Unknown,Unknown
1502,,2025-08-06 09:30:00,,,-1.0,-48.75,EMA_Inversion_33,Sell to Close,,4.04,-52.79,-48.75,Unknown,Unknown
1504,,2025-08-07 07:00:00,,,1.0,-388.75,EMA_Inversion_33,Buy to Close,,4.04,-392.79,-388.75,Unknown,Unknown
1506,,2025-08-07 07:30:00,,,-1.0,1.25,EMA_Inversion_33,Sell to Close,,4.04,-2.79,1.25,Unknown,Unknown
1508,,2025-08-07 09:45:00,,,1.0,32.5,Inversion_33_TimeGate_SOL,Buy to Close,,4.04,28.46,32.5,Unknown,Unknown
1510,,2025-08-07 11:00:00,,,1.0,82.5,SuperSignal_v6,Buy to Close,,4.04,78.46,82.5,Unknown,Unknown
1512,,2025-08-07 16:00:00,,,1.0,-78.75,SuperSignal_v6,Buy to Close,,4.04,-82.79,-78.75,Unknown,Unknown
1514,,2025-08-08 04:30:00,,,-1.0,23.75,EMA_Inversion_33,Sell to Close,,4.04,19.71,23.75,Unknown,Unknown
1516,,2025-08-08 09:00:00,,,1.0,11.25,EMA_Inversion_33,Buy to Close,,4.04,7.21,11.25,Unknown,Unknown
1518,,2025-08-08 10:45:00,,,-1.0,162.5,SuperSignal_v6,Sell to Close,,4.04,158.46,162.5,Unknown,Unknown
1520,,2025-08-08 16:15:00,,,-1.0,72.5,SuperSignal_v6,Sell to Close,,4.04,68.46,72.5,Unknown,Unknown
1522,,2025-08-11 07:00:00,,,-1.0,36.25,EMA_Inversion_33,Sell to Close,,4.04,32.21,36.25,Unknown,Unknown
1524,,2025-08-11 09:30:00,,,1.0,27.5,EMA_Inversion_33,Buy to Close,,4.04,23.46,27.5,Unknown,Unknown
1526,,2025-08-11 12:15:00,,,-1.0,67.5,SuperSignal_v6,Sell to Close,,4.04,63.46,67.5,Unknown,Unknown
1528,,2025-08-11 15:00:00,,,1.0,58.75,SuperSignal_v6,Buy to Close,,4.04,54.71,58.75,Unknown,Unknown
1530,,2025-08-12 05:15:00,,,1.0,37.5,EMA_Inversion_33,Buy to Close,,4.04,33.46,37.5,Unknown,Unknown
1532,,2025-08-12 08:45:00,,,-1.0,158.75,EMA_Inversion_33,Sell to Close,,4.04,154.71,158.75,Unknown,Unknown
1534,,2025-08-12 09:15:00,,,1.0,51.25,EMA_Inversion_33,Buy to Close,,4.04,47.21,51.25,Unknown,Unknown
1536,,2025-08-12 09:30:00,,,-1.0,0.0,EMA_Inversion_33,Sell to Close,,4.04,-4.04,0.0,Unknown,Unknown
1538,,2025-08-13 09:30:00,,,1.0,-330.0,EMA_Inversion_33,Buy to Close,,4.04,-334.04,-330.0,Unknown,Unknown
1540,,2025-08-13 10:15:00,,,-1.0,-3.75,SuperSignal_v6,Sell to Close,,4.04,-7.79,-3.75,Unknown,Unknown
1542,,2025-08-13 11:30:00,,,1.0,55.0,SuperSignal_v6,Buy to Close,,4.04,50.96,55.0,Unknown,Unknown
1544,,2025-08-13 14:15:00,,,1.0,-30.0,SuperSignal_v6,Buy to Close,,4.04,-34.04,-30.0,Unknown,Unknown
1546,,2025-08-14 05:00:00,,,1.0,11.25,Inversion_33_TimeGate_SOL,Buy to Close,,4.04,7.21,11.25,Unknown,Unknown
1547,,2025-08-14 05:15:00,,,1.0,0.0,Inversion_33_TimeGate_SOL,Buy to Close,,4.04,-4.04,0.0,Unknown,Unknown
