Id,EntryTime,ExitTime,EntryPrice,ExitPrice,Qty,TradePL,BaseStrategy,HoldMins,Session,TradeType,RMultiple,Commission,NetPL
2,,2024-11-27 08:15:00,,,-1.0,23.75,EMA_Inversion_33,,Unknown,Unknown,,2.02,21.73
4,,2024-11-27 10:45:00,,,1.0,77.5,SuperSignal_v6,,Unknown,Unknown,,2.02,75.48
6,,2024-11-27 15:45:00,,,1.0,27.5,SuperSignal_v6,,Unknown,Unknown,,2.02,25.48
8,,2024-11-28 05:00:00,,,-1.0,15.0,EMA_Inversion_33,,Unknown,Unknown,,2.02,12.98
10,,2024-11-28 09:30:00,,,1.0,-8.75,EMA_Inversion_33,,Unknown,Unknown,,2.02,-10.77
12,,2024-11-28 10:45:00,,,-1.0,31.25,SuperSignal_v6,,Unknown,Unknown,,2.02,29.23
14,,2024-11-28 18:15:00,,,-1.0,-15.0,SuperSignal_v6,,Unknown,Unknown,,2.02,-17.02
16,,2024-11-29 04:30:00,,,-1.0,26.25,EMA_Inversion_33,,Unknown,Unknown,,2.02,24.23
18,,2024-11-29 07:45:00,,,1.0,30.0,EMA_Inversion_33,,Unknown,Unknown,,2.02,27.98
20,,2024-11-29 09:30:00,,,-1.0,-32.5,EMA_Inversion_33,,Unknown,Unknown,,2.02,-34.52
22,,2024-12-02 03:30:00,,,1.0,-88.75,EMA_Inversion_33,,Unknown,Unknown,,2.02,-90.77
24,,2024-12-02 05:15:00,,,-1.0,8.75,EMA_Inversion_33,,Unknown,Unknown,,2.02,6.73
26,,2024-12-02 09:30:00,,,1.0,-72.5,EMA_Inversion_33,,Unknown,Unknown,,2.02,-74.52
28,,2024-12-02 14:15:00,,,-1.0,10.0,SuperSignal_v6,,Unknown,Unknown,,2.02,7.98
30,,2024-12-02 15:30:00,,,-1.0,31.25,SuperSignal_v6,,Unknown,Unknown,,2.02,29.23
32,,2024-12-03 08:15:00,,,-1.0,11.25,EMA_Inversion_33,,Unknown,Unknown,,2.02,9.23
34,,2024-12-03 09:15:00,,,1.0,43.75,EMA_Inversion_33,,Unknown,Unknown,,2.02,41.73
36,,2024-12-03 16:15:00,,,-1.0,56.25,SuperSignal_v6,,Unknown,Unknown,,2.02,54.23
38,,2024-12-04 10:45:00,,,1.0,-65.0,SuperSignal_v6,,Unknown,Unknown,,2.02,-67.02
40,,2024-12-04 13:30:00,,,-1.0,-27.5,SuperSignal_v6,,Unknown,Unknown,,2.02,-29.52
42,,2024-12-04 15:15:00,,,-1.0,42.5,SuperSignal_v6,,Unknown,Unknown,,2.02,40.48
44,,2024-12-05 09:30:00,,,1.0,-7.5,EMA_Inversion_33,,Unknown,Unknown,,2.02,-9.52
46,,2024-12-05 13:30:00,,,-1.0,-10.0,SuperSignal_v6,,Unknown,Unknown,,2.02,-12.02
48,,2024-12-05 16:30:00,,,1.0,53.75,SuperSignal_v6,,Unknown,Unknown,,2.02,51.73
50,,2024-12-06 05:15:00,,,1.0,20.0,EMA_Inversion_33,,Unknown,Unknown,,2.02,17.98
52,,2024-12-06 08:45:00,,,-1.0,63.75,EMA_Inversion_33,,Unknown,Unknown,,2.02,61.73
54,,2024-12-06 13:15:00,,,1.0,-32.5,SuperSignal_v6,,Unknown,Unknown,,2.02,-34.52
56,,2024-12-06 16:00:00,,,1.0,-38.75,SuperSignal_v6,,Unknown,Unknown,,2.02,-40.77
58,,2024-12-09 05:45:00,,,1.0,52.5,EMA_Inversion_33,,Unknown,Unknown,,2.02,50.48
60,,2024-12-10 05:30:00,,,-1.0,-135.0,EMA_Inversion_33,,Unknown,Unknown,,2.02,-137.02
62,,2024-12-10 09:30:00,,,1.0,-28.75,EMA_Inversion_33,,Unknown,Unknown,,2.02,-30.77
64,,2024-12-10 11:15:00,,,-1.0,-37.5,SuperSignal_v6,,Unknown,Unknown,,2.02,-39.52
66,,2024-12-10 15:15:00,,,1.0,37.5,SuperSignal_v6,,Unknown,Unknown,,2.02,35.48
68,,2024-12-11 09:30:00,,,1.0,-113.75,EMA_Inversion_33,,Unknown,Unknown,,2.02,-115.77
70,,2024-12-11 11:45:00,,,-1.0,101.25,SuperSignal_v6,,Unknown,Unknown,,2.02,99.23
72,,2024-12-11 16:00:00,,,-1.0,-28.75,SuperSignal_v6,,Unknown,Unknown,,2.02,-30.77
74,,2024-12-12 12:00:00,,,-1.0,-50.0,SuperSignal_v6,,Unknown,Unknown,,2.02,-52.02
76,,2024-12-12 14:00:00,,,-1.0,-51.25,SuperSignal_v6,,Unknown,Unknown,,2.02,-53.27
78,,2024-12-13 10:45:00,,,1.0,70.0,SuperSignal_v6,,Unknown,Unknown,,2.02,67.98
80,,2024-12-16 09:30:00,,,1.0,-70.0,EMA_Inversion_33,,Unknown,Unknown,,2.02,-72.02
82,,2024-12-16 16:00:00,,,-1.0,53.75,SuperSignal_v6,,Unknown,Unknown,,2.02,51.73
84,,2024-12-17 09:30:00,,,-1.0,-28.75,EMA_Inversion_33,,Unknown,Unknown,,2.02,-30.77
86,,2024-12-17 11:15:00,,,1.0,-16.25,SuperSignal_v6,,Unknown,Unknown,,2.02,-18.27
88,,2024-12-17 14:30:00,,,-1.0,-63.75,SuperSignal_v6,,Unknown,Unknown,,2.02,-65.77
90,,2024-12-17 15:45:00,,,1.0,-33.75,SuperSignal_v6,,Unknown,Unknown,,2.02,-35.77
92,,2024-12-18 09:00:00,,,1.0,33.75,EMA_Inversion_33,,Unknown,Unknown,,2.02,31.73
94,,2024-12-18 09:30:00,,,-1.0,-40.0,EMA_Inversion_33,,Unknown,Unknown,,2.02,-42.02
96,,2024-12-18 15:00:00,,,1.0,317.5,SuperSignal_v6,,Unknown,Unknown,,2.02,315.48
98,,2024-12-19 06:00:00,,,1.0,1.25,EMA_Inversion_33,,Unknown,Unknown,,2.02,-0.77
100,,2024-12-19 06:15:00,,,-1.0,18.75,EMA_Inversion_33,,Unknown,Unknown,,2.02,16.73
102,,2024-12-19 09:00:00,,,1.0,-72.5,EMA_Inversion_33,,Unknown,Unknown,,2.02,-74.52
104,,2024-12-19 09:15:00,,,-1.0,32.5,EMA_Inversion_33,,Unknown,Unknown,,2.02,30.48
106,,2024-12-19 09:30:00,,,1.0,-13.75,EMA_Inversion_33,,Unknown,Unknown,,2.02,-15.77
108,,2024-12-20 06:15:00,,,-1.0,-487.5,EMA_Inversion_33,,Unknown,Unknown,,2.02,-489.52
110,,2024-12-20 06:30:00,,,1.0,16.25,EMA_Inversion_33,,Unknown,Unknown,,2.02,14.23
112,,2024-12-20 07:45:00,,,-1.0,-22.5,EMA_Inversion_33,,Unknown,Unknown,,2.02,-24.52
114,,2024-12-20 08:15:00,,,1.0,6.25,EMA_Inversion_33,,Unknown,Unknown,,2.02,4.23
116,,2024-12-20 08:45:00,,,-1.0,117.5,EMA_Inversion_33,,Unknown,Unknown,,2.02,115.48
118,,2024-12-20 09:30:00,,,1.0,-8.75,EMA_Inversion_33,,Unknown,Unknown,,2.02,-10.77
120,,2024-12-20 10:45:00,,,-1.0,280.0,SuperSignal_v6,,Unknown,Unknown,,2.02,277.98
122,,2024-12-20 15:30:00,,,-1.0,-91.25,SuperSignal_v6,,Unknown,Unknown,,2.02,-93.27
124,,2024-12-23 07:30:00,,,-1.0,-51.25,EMA_Inversion_33,,Unknown,Unknown,,2.02,-53.27
126,,2024-12-23 08:15:00,,,1.0,18.75,EMA_Inversion_33,,Unknown,Unknown,,2.02,16.73
128,,2024-12-23 14:30:00,,,-1.0,150.0,SuperSignal_v6,,Unknown,Unknown,,2.02,147.98
130,,2024-12-23 15:45:00,,,-1.0,60.0,SuperSignal_v6,,Unknown,Unknown,,2.02,57.98
132,,2024-12-26 03:15:00,,,1.0,-296.25,EMA_Inversion_33,,Unknown,Unknown,,2.02,-298.27
134,,2024-12-26 07:30:00,,,-1.0,-85.0,EMA_Inversion_33,,Unknown,Unknown,,2.02,-87.02
136,,2024-12-26 07:45:00,,,1.0,15.0,EMA_Inversion_33,,Unknown,Unknown,,2.02,12.98
138,,2024-12-26 12:30:00,,,-1.0,146.25,SuperSignal_v6,,Unknown,Unknown,,2.02,144.23
140,,2024-12-26 18:00:00,,,-1.0,-38.75,SuperSignal_v6,,Unknown,Unknown,,2.02,-40.77
142,,2024-12-27 09:30:00,,,-1.0,-107.5,EMA_Inversion_33,,Unknown,Unknown,,2.02,-109.52
144,,2024-12-27 12:30:00,,,1.0,333.75,SuperSignal_v6,,Unknown,Unknown,,2.02,331.73
146,,2024-12-27 16:00:00,,,1.0,-90.0,SuperSignal_v6,,Unknown,Unknown,,2.02,-92.02
148,,2024-12-30 06:30:00,,,-1.0,22.5,EMA_Inversion_33,,Unknown,Unknown,,2.02,20.48
150,,2024-12-30 07:15:00,,,1.0,35.0,EMA_Inversion_33,,Unknown,Unknown,,2.02,32.98
152,,2024-12-30 16:00:00,,,-1.0,-236.25,SuperSignal_v6,,Unknown,Unknown,,2.02,-238.27
154,,2024-12-31 04:15:00,,,-1.0,80.0,EMA_Inversion_33,,Unknown,Unknown,,2.02,77.98
156,,2024-12-31 12:45:00,,,1.0,207.5,SuperSignal_v6,,Unknown,Unknown,,2.02,205.48
158,,2025-01-01 18:00:00,,,1.0,-2.5,SuperSignal_v6,,Unknown,Unknown,,2.02,-4.52
160,,2025-01-02 03:30:00,,,1.0,81.25,EMA_Inversion_33,,Unknown,Unknown,,2.02,79.23
162,,2025-01-02 04:00:00,,,-1.0,32.5,EMA_Inversion_33,,Unknown,Unknown,,2.02,30.48
164,,2025-01-02 09:15:00,,,1.0,-38.75,EMA_Inversion_33,,Unknown,Unknown,,2.02,-40.77
166,,2025-01-02 10:30:00,,,-1.0,-121.25,SuperSignal_v6,,Unknown,Unknown,,2.02,-123.27
168,,2025-01-02 13:00:00,,,1.0,167.5,SuperSignal_v6,,Unknown,Unknown,,2.02,165.48
170,,2025-01-02 15:45:00,,,1.0,-125.0,SuperSignal_v6,,Unknown,Unknown,,2.02,-127.02
172,,2025-01-03 06:45:00,,,1.0,37.5,EMA_Inversion_33,,Unknown,Unknown,,2.02,35.48
174,,2025-01-03 08:30:00,,,-1.0,38.75,EMA_Inversion_33,,Unknown,Unknown,,2.02,36.73
176,,2025-01-03 09:30:00,,,1.0,-42.5,EMA_Inversion_33,,Unknown,Unknown,,2.02,-44.52
178,,2025-01-03 14:45:00,,,-1.0,255.0,SuperSignal_v6,,Unknown,Unknown,,2.02,252.98
180,,2025-01-06 15:00:00,,,1.0,-41.25,SuperSignal_v6,,Unknown,Unknown,,2.02,-43.27
182,,2025-01-07 03:45:00,,,-1.0,47.5,EMA_Inversion_33,,Unknown,Unknown,,2.02,45.48
184,,2025-01-07 09:30:00,,,1.0,-90.0,EMA_Inversion_33,,Unknown,Unknown,,2.02,-92.02
186,,2025-01-08 04:15:00,,,-1.0,-357.5,EMA_Inversion_33,,Unknown,Unknown,,2.02,-359.52
188,,2025-01-08 06:30:00,,,1.0,48.75,EMA_Inversion_33,,Unknown,Unknown,,2.02,46.73
190,,2025-01-08 07:00:00,,,-1.0,-31.25,EMA_Inversion_33,,Unknown,Unknown,,2.02,-33.27
192,,2025-01-08 07:15:00,,,1.0,58.75,EMA_Inversion_33,,Unknown,Unknown,,2.02,56.73
194,,2025-01-08 08:30:00,,,-1.0,47.5,EMA_Inversion_33,,Unknown,Unknown,,2.02,45.48
196,,2025-01-08 08:45:00,,,1.0,20.0,EMA_Inversion_33,,Unknown,Unknown,,2.02,17.98
198,,2025-01-08 09:00:00,,,-1.0,56.25,EMA_Inversion_33,,Unknown,Unknown,,2.02,54.23
200,,2025-01-08 09:15:00,,,1.0,40.0,EMA_Inversion_33,,Unknown,Unknown,,2.02,37.98
202,,2025-01-08 12:15:00,,,-1.0,-65.0,SuperSignal_v6,,Unknown,Unknown,,2.02,-67.02
204,,2025-01-08 13:15:00,,,1.0,-122.5,SuperSignal_v6,,Unknown,Unknown,,2.02,-124.52
206,,2025-01-08 18:00:00,,,-1.0,-10.0,SuperSignal_v6,,Unknown,Unknown,,2.02,-12.02
208,,2025-01-09 07:30:00,,,1.0,41.25,EMA_Inversion_33,,Unknown,Unknown,,2.02,39.23
210,,2025-01-09 08:15:00,,,-1.0,40.0,EMA_Inversion_33,,Unknown,Unknown,,2.02,37.98
212,,2025-01-09 09:15:00,,,1.0,63.75,EMA_Inversion_33,,Unknown,Unknown,,2.02,61.73
214,,2025-01-10 03:15:00,,,-1.0,40.0,EMA_Inversion_33,,Unknown,Unknown,,2.02,37.98
216,,2025-01-10 04:45:00,,,1.0,52.5,EMA_Inversion_33,,Unknown,Unknown,,2.02,50.48
218,,2025-01-10 05:45:00,,,-1.0,55.0,EMA_Inversion_33,,Unknown,Unknown,,2.02,52.98
220,,2025-01-10 07:15:00,,,1.0,43.75,EMA_Inversion_33,,Unknown,Unknown,,2.02,41.73
222,,2025-01-10 07:45:00,,,-1.0,41.25,EMA_Inversion_33,,Unknown,Unknown,,2.02,39.23
224,,2025-01-10 08:45:00,,,1.0,210.0,EMA_Inversion_33,,Unknown,Unknown,,2.02,207.98
226,,2025-01-10 09:15:00,,,-1.0,43.75,EMA_Inversion_33,,Unknown,Unknown,,2.02,41.73
228,,2025-01-10 13:30:00,,,1.0,78.75,SuperSignal_v6,,Unknown,Unknown,,2.02,76.73
230,,2025-01-12 18:00:00,,,1.0,106.25,SuperSignal_v6,,Unknown,Unknown,,2.02,104.23
232,,2025-01-13 07:45:00,,,-1.0,16.25,EMA_Inversion_33,,Unknown,Unknown,,2.02,14.23
234,,2025-01-14 07:00:00,,,1.0,-320.0,EMA_Inversion_33,,Unknown,Unknown,,2.02,-322.02
236,,2025-01-14 08:45:00,,,-1.0,18.75,EMA_Inversion_33,,Unknown,Unknown,,2.02,16.73
238,,2025-01-14 12:00:00,,,1.0,251.25,SuperSignal_v6,,Unknown,Unknown,,2.02,249.23
240,,2025-01-14 16:15:00,,,1.0,-100.0,SuperSignal_v6,,Unknown,Unknown,,2.02,-102.02
242,,2025-01-15 09:30:00,,,1.0,-397.5,EMA_Inversion_33,,Unknown,Unknown,,2.02,-399.52
244,,2025-01-15 11:45:00,,,-1.0,-31.25,SuperSignal_v6,,Unknown,Unknown,,2.02,-33.27
246,,2025-01-15 14:30:00,,,-1.0,67.5,SuperSignal_v6,,Unknown,Unknown,,2.02,65.48
248,,2025-01-16 04:45:00,,,1.0,62.5,EMA_Inversion_33,,Unknown,Unknown,,2.02,60.48
250,,2025-01-16 05:30:00,,,-1.0,48.75,EMA_Inversion_33,,Unknown,Unknown,,2.02,46.73
252,,2025-01-16 07:30:00,,,1.0,53.75,EMA_Inversion_33,,Unknown,Unknown,,2.02,51.73
254,,2025-01-17 03:30:00,,,-1.0,-61.25,EMA_Inversion_33,,Unknown,Unknown,,2.02,-63.27
256,,2025-01-20 07:15:00,,,1.0,-235.0,EMA_Inversion_33,,Unknown,Unknown,,2.02,-237.02
258,,2025-01-20 08:45:00,,,-1.0,65.0,EMA_Inversion_33,,Unknown,Unknown,,2.02,62.98
260,,2025-01-20 09:30:00,,,1.0,-92.5,EMA_Inversion_33,,Unknown,Unknown,,2.02,-94.52
262,,2025-01-21 03:15:00,,,-1.0,-95.0,EMA_Inversion_33,,Unknown,Unknown,,2.02,-97.02
264,,2025-01-21 09:30:00,,,1.0,-96.25,EMA_Inversion_33,,Unknown,Unknown,,2.02,-98.27
266,,2025-01-21 13:30:00,,,-1.0,112.5,SuperSignal_v6,,Unknown,Unknown,,2.02,110.48
268,,2025-01-21 16:15:00,,,-1.0,41.25,SuperSignal_v6,,Unknown,Unknown,,2.02,39.23
270,,2025-01-22 09:30:00,,,1.0,-63.75,EMA_Inversion_33,,Unknown,Unknown,,2.02,-65.77
272,,2025-01-22 14:15:00,,,-1.0,48.75,SuperSignal_v6,,Unknown,Unknown,,2.02,46.73
274,,2025-01-22 16:00:00,,,-1.0,-35.0,SuperSignal_v6,,Unknown,Unknown,,2.02,-37.02
276,,2025-01-23 07:30:00,,,-1.0,47.5,EMA_Inversion_33,,Unknown,Unknown,,2.02,45.48
278,,2025-01-23 09:30:00,,,1.0,-3.75,EMA_Inversion_33,,Unknown,Unknown,,2.02,-5.77
280,,2025-01-23 11:30:00,,,-1.0,78.75,SuperSignal_v6,,Unknown,Unknown,,2.02,76.73
282,,2025-01-23 16:00:00,,,-1.0,36.25,SuperSignal_v6,,Unknown,Unknown,,2.02,34.23
284,,2025-01-24 08:00:00,,,-1.0,8.75,EMA_Inversion_33,,Unknown,Unknown,,2.02,6.73
286,,2025-01-24 08:45:00,,,1.0,23.75,EMA_Inversion_33,,Unknown,Unknown,,2.02,21.73
288,,2025-01-24 09:30:00,,,-1.0,53.75,EMA_Inversion_33,,Unknown,Unknown,,2.02,51.73
290,,2025-01-24 13:00:00,,,1.0,60.0,SuperSignal_v6,,Unknown,Unknown,,2.02,57.98
292,,2025-01-27 06:00:00,,,-1.0,-285.0,EMA_Inversion_33,,Unknown,Unknown,,2.02,-287.02
294,,2025-01-27 06:30:00,,,1.0,-30.0,EMA_Inversion_33,,Unknown,Unknown,,2.02,-32.02
296,,2025-01-27 07:15:00,,,-1.0,73.75,EMA_Inversion_33,,Unknown,Unknown,,2.02,71.73
298,,2025-01-27 09:15:00,,,1.0,-28.75,EMA_Inversion_33,,Unknown,Unknown,,2.02,-30.77
300,,2025-01-27 09:30:00,,,-1.0,-8.75,EMA_Inversion_33,,Unknown,Unknown,,2.02,-10.77
302,,2025-01-28 07:00:00,,,1.0,-308.75,EMA_Inversion_33,,Unknown,Unknown,,2.02,-310.77
304,,2025-01-28 08:15:00,,,-1.0,0.0,EMA_Inversion_33,,Unknown,Unknown,,2.02,-2.02
306,,2025-01-28 08:45:00,,,1.0,33.75,EMA_Inversion_33,,Unknown,Unknown,,2.02,31.73
308,,2025-01-28 13:30:00,,,-1.0,228.75,SuperSignal_v6,,Unknown,Unknown,,2.02,226.73
310,,2025-01-28 15:00:00,,,-1.0,58.75,SuperSignal_v6,,Unknown,Unknown,,2.02,56.73
312,,2025-01-29 05:30:00,,,1.0,33.75,EMA_Inversion_33,,Unknown,Unknown,,2.02,31.73
314,,2025-01-29 06:45:00,,,-1.0,25.0,EMA_Inversion_33,,Unknown,Unknown,,2.02,22.98
316,,2025-01-29 07:30:00,,,1.0,25.0,EMA_Inversion_33,,Unknown,Unknown,,2.02,22.98
318,,2025-01-29 09:30:00,,,-1.0,-55.0,EMA_Inversion_33,,Unknown,Unknown,,2.02,-57.02
320,,2025-01-29 13:15:00,,,1.0,143.75,SuperSignal_v6,,Unknown,Unknown,,2.02,141.73
322,,2025-01-30 05:00:00,,,1.0,25.0,EMA_Inversion_33,,Unknown,Unknown,,2.02,22.98
324,,2025-01-30 10:15:00,,,-1.0,-37.5,SuperSignal_v6,,Unknown,Unknown,,2.02,-39.52
326,,2025-01-30 14:00:00,,,1.0,-120.0,SuperSignal_v6,,Unknown,Unknown,,2.02,-122.02
328,,2025-01-31 09:15:00,,,1.0,35.0,EMA_Inversion_33,,Unknown,Unknown,,2.02,32.98
330,,2025-01-31 10:45:00,,,-1.0,108.75,SuperSignal_v6,,Unknown,Unknown,,2.02,106.73
332,,2025-01-31 14:15:00,,,1.0,98.75,SuperSignal_v6,,Unknown,Unknown,,2.02,96.73
334,,2025-02-03 03:30:00,,,1.0,-28.75,EMA_Inversion_33,,Unknown,Unknown,,2.02,-30.77
336,,2025-02-03 04:00:00,,,-1.0,6.25,EMA_Inversion_33,,Unknown,Unknown,,2.02,4.23
338,,2025-02-03 07:00:00,,,1.0,20.0,EMA_Inversion_33,,Unknown,Unknown,,2.02,17.98
340,,2025-02-03 08:15:00,,,-1.0,7.5,EMA_Inversion_33,,Unknown,Unknown,,2.02,5.48
342,,2025-02-03 10:30:00,,,1.0,0.0,SuperSignal_v6,,Unknown,Unknown,,2.02,-2.02
344,,2025-02-03 14:30:00,,,-1.0,127.5,SuperSignal_v6,,Unknown,Unknown,,2.02,125.48
346,,2025-02-04 04:15:00,,,-1.0,-2.5,EMA_Inversion_33,,Unknown,Unknown,,2.02,-4.52
348,,2025-02-04 04:45:00,,,1.0,20.0,EMA_Inversion_33,,Unknown,Unknown,,2.02,17.98
350,,2025-02-04 06:45:00,,,-1.0,41.25,EMA_Inversion_33,,Unknown,Unknown,,2.02,39.23
352,,2025-02-04 09:30:00,,,1.0,-43.75,EMA_Inversion_33,,Unknown,Unknown,,2.02,-45.77
354,,2025-02-04 10:15:00,,,-1.0,116.25,SuperSignal_v6,,Unknown,Unknown,,2.02,114.23
356,,2025-02-04 16:15:00,,,-1.0,-28.75,SuperSignal_v6,,Unknown,Unknown,,2.02,-30.77
358,,2025-02-05 06:15:00,,,-1.0,35.0,EMA_Inversion_33,,Unknown,Unknown,,2.02,32.98
360,,2025-02-05 09:30:00,,,1.0,-91.25,EMA_Inversion_33,,Unknown,Unknown,,2.02,-93.27
362,,2025-02-05 13:45:00,,,-1.0,137.5,SuperSignal_v6,,Unknown,Unknown,,2.02,135.48
364,,2025-02-06 06:00:00,,,1.0,42.5,EMA_Inversion_33,,Unknown,Unknown,,2.02,40.48
366,,2025-02-06 08:00:00,,,-1.0,13.75,EMA_Inversion_33,,Unknown,Unknown,,2.02,11.73
368,,2025-02-06 13:15:00,,,1.0,-31.25,SuperSignal_v6,,Unknown,Unknown,,2.02,-33.27
370,,2025-02-06 14:45:00,,,1.0,48.75,SuperSignal_v6,,Unknown,Unknown,,2.02,46.73
372,,2025-02-07 09:30:00,,,1.0,-30.0,EMA_Inversion_33,,Unknown,Unknown,,2.02,-32.02
374,,2025-02-07 10:15:00,,,-1.0,-28.75,SuperSignal_v6,,Unknown,Unknown,,2.02,-30.77
376,,2025-02-07 15:30:00,,,1.0,107.5,SuperSignal_v6,,Unknown,Unknown,,2.02,105.48
378,,2025-02-11 04:30:00,,,1.0,-15.0,EMA_Inversion_33,,Unknown,Unknown,,2.02,-17.02
380,,2025-02-11 08:00:00,,,-1.0,15.0,EMA_Inversion_33,,Unknown,Unknown,,2.02,12.98
382,,2025-02-11 08:30:00,,,1.0,32.5,EMA_Inversion_33,,Unknown,Unknown,,2.02,30.48
384,,2025-02-11 18:00:00,,,-1.0,121.25,SuperSignal_v6,,Unknown,Unknown,,2.02,119.23
386,,2025-02-12 07:30:00,,,-1.0,38.75,EMA_Inversion_33,,Unknown,Unknown,,2.02,36.73
388,,2025-02-12 08:45:00,,,1.0,287.5,EMA_Inversion_33,,Unknown,Unknown,,2.02,285.48
390,,2025-02-12 09:15:00,,,-1.0,-23.75,EMA_Inversion_33,,Unknown,Unknown,,2.02,-25.77
392,,2025-02-13 03:15:00,,,1.0,-227.5,EMA_Inversion_33,,Unknown,Unknown,,2.02,-229.52
394,,2025-02-13 04:45:00,,,-1.0,-7.5,EMA_Inversion_33,,Unknown,Unknown,,2.02,-9.52
396,,2025-02-13 07:15:00,,,1.0,18.75,EMA_Inversion_33,,Unknown,Unknown,,2.02,16.73
398,,2025-02-13 08:45:00,,,-1.0,83.75,EMA_Inversion_33,,Unknown,Unknown,,2.02,81.73
400,,2025-02-13 09:30:00,,,1.0,-3.75,EMA_Inversion_33,,Unknown,Unknown,,2.02,-5.77
402,,2025-02-13 10:45:00,,,-1.0,133.75,SuperSignal_v6,,Unknown,Unknown,,2.02,131.73
404,,2025-02-13 14:15:00,,,-1.0,75.0,SuperSignal_v6,,Unknown,Unknown,,2.02,72.98
406,,2025-02-14 10:45:00,,,-1.0,-27.5,SuperSignal_v6,,Unknown,Unknown,,2.02,-29.52
408,,2025-02-14 14:00:00,,,1.0,-57.5,SuperSignal_v6,,Unknown,Unknown,,2.02,-59.52
410,,2025-02-14 14:45:00,,,-1.0,-37.5,SuperSignal_v6,,Unknown,Unknown,,2.02,-39.52
412,,2025-02-16 18:00:00,,,1.0,-8.75,SuperSignal_v6,,Unknown,Unknown,,2.02,-10.77
414,,2025-02-17 05:45:00,,,-1.0,20.0,EMA_Inversion_33,,Unknown,Unknown,,2.02,17.98
416,,2025-02-18 14:15:00,,,1.0,91.25,SuperSignal_v6,,Unknown,Unknown,,2.02,89.23
418,,2025-02-19 14:30:00,,,-1.0,45.0,SuperSignal_v6,,Unknown,Unknown,,2.02,42.98
420,,2025-02-20 07:00:00,,,1.0,20.0,EMA_Inversion_33,,Unknown,Unknown,,2.02,17.98
422,,2025-02-21 03:45:00,,,-1.0,-47.5,EMA_Inversion_33,,Unknown,Unknown,,2.02,-49.52
424,,2025-02-21 10:30:00,,,1.0,186.25,SuperSignal_v6,,Unknown,Unknown,,2.02,184.23
426,,2025-02-24 04:00:00,,,-1.0,52.5,EMA_Inversion_33,,Unknown,Unknown,,2.02,50.48
428,,2025-02-24 07:30:00,,,1.0,2.5,EMA_Inversion_33,,Unknown,Unknown,,2.02,0.48
430,,2025-02-24 08:45:00,,,-1.0,23.75,EMA_Inversion_33,,Unknown,Unknown,,2.02,21.73
432,,2025-02-24 09:30:00,,,1.0,57.5,EMA_Inversion_33,,Unknown,Unknown,,2.02,55.48
434,,2025-02-25 04:15:00,,,-1.0,-256.25,EMA_Inversion_33,,Unknown,Unknown,,2.02,-258.27
436,,2025-02-25 04:30:00,,,1.0,18.75,EMA_Inversion_33,,Unknown,Unknown,,2.02,16.73
438,,2025-02-25 06:45:00,,,-1.0,16.25,EMA_Inversion_33,,Unknown,Unknown,,2.02,14.23
440,,2025-02-25 10:15:00,,,1.0,168.75,SuperSignal_v6,,Unknown,Unknown,,2.02,166.73
442,,2025-02-25 15:15:00,,,1.0,-100.0,SuperSignal_v6,,Unknown,Unknown,,2.02,-102.02
444,,2025-02-26 09:15:00,,,1.0,25.0,EMA_Inversion_33,,Unknown,Unknown,,2.02,22.98
446,,2025-02-26 09:30:00,,,-1.0,-20.0,EMA_Inversion_33,,Unknown,Unknown,,2.02,-22.02
448,,2025-02-26 16:00:00,,,1.0,40.0,SuperSignal_v6,,Unknown,Unknown,,2.02,37.98
450,,2025-02-27 09:00:00,,,1.0,48.75,EMA_Inversion_33,,Unknown,Unknown,,2.02,46.73
452,,2025-02-27 09:15:00,,,-1.0,62.5,EMA_Inversion_33,,Unknown,Unknown,,2.02,60.48
454,,2025-02-27 09:30:00,,,1.0,13.75,EMA_Inversion_33,,Unknown,Unknown,,2.02,11.73
456,,2025-02-28 03:30:00,,,-1.0,-523.75,EMA_Inversion_33,,Unknown,Unknown,,2.02,-525.77
458,,2025-02-28 08:30:00,,,1.0,28.75,EMA_Inversion_33,,Unknown,Unknown,,2.02,26.73
460,,2025-02-28 09:30:00,,,-1.0,-27.5,EMA_Inversion_33,,Unknown,Unknown,,2.02,-29.52
462,,2025-03-03 03:30:00,,,1.0,-402.5,EMA_Inversion_33,,Unknown,Unknown,,2.02,-404.52
464,,2025-03-03 04:30:00,,,-1.0,55.0,EMA_Inversion_33,,Unknown,Unknown,,2.02,52.98
466,,2025-03-03 08:15:00,,,1.0,-75.0,EMA_Inversion_33,,Unknown,Unknown,,2.02,-77.02
468,,2025-03-03 08:30:00,,,-1.0,16.25,EMA_Inversion_33,,Unknown,Unknown,,2.02,14.23
470,,2025-03-03 10:15:00,,,1.0,290.0,SuperSignal_v6,,Unknown,Unknown,,2.02,287.98
472,,2025-03-03 13:15:00,,,1.0,145.0,SuperSignal_v6,,Unknown,Unknown,,2.02,142.98
474,,2025-03-03 15:15:00,,,1.0,162.5,SuperSignal_v6,,Unknown,Unknown,,2.02,160.48
476,,2025-03-04 08:45:00,,,-1.0,-220.0,EMA_Inversion_33,,Unknown,Unknown,,2.02,-222.02
478,,2025-03-04 09:00:00,,,1.0,25.0,EMA_Inversion_33,,Unknown,Unknown,,2.02,22.98
480,,2025-03-04 09:15:00,,,-1.0,57.5,EMA_Inversion_33,,Unknown,Unknown,,2.02,55.48
482,,2025-03-04 09:30:00,,,1.0,65.0,EMA_Inversion_33,,Unknown,Unknown,,2.02,62.98
484,,2025-03-04 15:30:00,,,-1.0,216.25,SuperSignal_v6,,Unknown,Unknown,,2.02,214.23
486,,2025-03-05 04:00:00,,,1.0,57.5,EMA_Inversion_33,,Unknown,Unknown,,2.02,55.48
488,,2025-03-05 04:15:00,,,-1.0,22.5,EMA_Inversion_33,,Unknown,Unknown,,2.02,20.48
490,,2025-03-05 05:30:00,,,1.0,26.25,EMA_Inversion_33,,Unknown,Unknown,,2.02,24.23
492,,2025-03-05 07:00:00,,,-1.0,-71.25,EMA_Inversion_33,,Unknown,Unknown,,2.02,-73.27
494,,2025-03-05 07:15:00,,,1.0,0.0,EMA_Inversion_33,,Unknown,Unknown,,2.02,-2.02
496,,2025-03-05 09:30:00,,,-1.0,-108.75,EMA_Inversion_33,,Unknown,Unknown,,2.02,-110.77
498,,2025-03-05 10:15:00,,,1.0,-108.75,SuperSignal_v6,,Unknown,Unknown,,2.02,-110.77
500,,2025-03-05 12:45:00,,,1.0,-167.5,SuperSignal_v6,,Unknown,Unknown,,2.02,-169.52
502,,2025-03-05 15:15:00,,,-1.0,171.25,SuperSignal_v6,,Unknown,Unknown,,2.02,169.23
504,,2025-03-06 07:00:00,,,-1.0,-107.5,EMA_Inversion_33,,Unknown,Unknown,,2.02,-109.52
506,,2025-03-06 07:15:00,,,1.0,43.75,EMA_Inversion_33,,Unknown,Unknown,,2.02,41.73
508,,2025-03-06 09:30:00,,,-1.0,-72.5,EMA_Inversion_33,,Unknown,Unknown,,2.02,-74.52
510,,2025-03-06 18:00:00,,,1.0,61.25,SuperSignal_v6,,Unknown,Unknown,,2.02,59.23
512,,2025-03-07 06:15:00,,,1.0,-11.25,EMA_Inversion_33,,Unknown,Unknown,,2.02,-13.27
514,,2025-03-07 06:30:00,,,-1.0,10.0,EMA_Inversion_33,,Unknown,Unknown,,2.02,7.98
516,,2025-03-07 07:30:00,,,1.0,57.5,EMA_Inversion_33,,Unknown,Unknown,,2.02,55.48
518,,2025-03-07 08:45:00,,,-1.0,32.5,EMA_Inversion_33,,Unknown,Unknown,,2.02,30.48
520,,2025-03-07 09:00:00,,,1.0,125.0,EMA_Inversion_33,,Unknown,Unknown,,2.02,122.98
522,,2025-03-07 09:30:00,,,-1.0,-42.5,EMA_Inversion_33,,Unknown,Unknown,,2.02,-44.52
524,,2025-03-07 12:00:00,,,1.0,242.5,SuperSignal_v6,,Unknown,Unknown,,2.02,240.48
526,,2025-03-09 18:00:00,,,-1.0,13.75,SuperSignal_v6,,Unknown,Unknown,,2.02,11.73
528,,2025-03-10 05:30:00,,,-1.0,-117.5,EMA_Inversion_33,,Unknown,Unknown,,2.02,-119.52
530,,2025-03-10 06:00:00,,,1.0,10.0,EMA_Inversion_33,,Unknown,Unknown,,2.02,7.98
532,,2025-03-10 07:30:00,,,-1.0,6.25,EMA_Inversion_33,,Unknown,Unknown,,2.02,4.23
534,,2025-03-10 07:45:00,,,1.0,47.5,EMA_Inversion_33,,Unknown,Unknown,,2.02,45.48
536,,2025-03-10 09:30:00,,,-1.0,-96.25,EMA_Inversion_33,,Unknown,Unknown,,2.02,-98.27
538,,2025-03-10 12:30:00,,,1.0,248.75,SuperSignal_v6,,Unknown,Unknown,,2.02,246.73
540,,2025-03-11 08:15:00,,,1.0,42.5,EMA_Inversion_33,,Unknown,Unknown,,2.02,40.48
542,,2025-03-11 09:30:00,,,-1.0,-78.75,EMA_Inversion_33,,Unknown,Unknown,,2.02,-80.77
544,,2025-03-11 10:45:00,,,1.0,232.5,SuperSignal_v6,,Unknown,Unknown,,2.02,230.48
546,,2025-03-11 13:30:00,,,1.0,230.0,SuperSignal_v6,,Unknown,Unknown,,2.02,227.98
548,,2025-03-12 04:00:00,,,-1.0,85.0,EMA_Inversion_33,,Unknown,Unknown,,2.02,82.98
550,,2025-03-12 04:30:00,,,1.0,35.0,EMA_Inversion_33,,Unknown,Unknown,,2.02,32.98
552,,2025-03-12 04:45:00,,,-1.0,72.5,EMA_Inversion_33,,Unknown,Unknown,,2.02,70.48
554,,2025-03-12 09:30:00,,,1.0,-157.5,EMA_Inversion_33,,Unknown,Unknown,,2.02,-159.52
556,,2025-03-13 05:00:00,,,-1.0,-276.25,EMA_Inversion_33,,Unknown,Unknown,,2.02,-278.27
558,,2025-03-13 07:15:00,,,1.0,-82.5,EMA_Inversion_33,,Unknown,Unknown,,2.02,-84.52
560,,2025-03-13 07:30:00,,,-1.0,-22.5,EMA_Inversion_33,,Unknown,Unknown,,2.02,-24.52
562,,2025-03-13 07:45:00,,,1.0,37.5,EMA_Inversion_33,,Unknown,Unknown,,2.02,35.48
564,,2025-03-13 08:00:00,,,-1.0,31.25,EMA_Inversion_33,,Unknown,Unknown,,2.02,29.23
566,,2025-03-13 08:15:00,,,1.0,71.25,EMA_Inversion_33,,Unknown,Unknown,,2.02,69.23
568,,2025-03-13 08:45:00,,,-1.0,77.5,EMA_Inversion_33,,Unknown,Unknown,,2.02,75.48
570,,2025-03-13 10:15:00,,,1.0,26.25,SuperSignal_v6,,Unknown,Unknown,,2.02,24.23
572,,2025-03-13 11:45:00,,,1.0,158.75,SuperSignal_v6,,Unknown,Unknown,,2.02,156.73
574,,2025-03-13 18:00:00,,,1.0,-53.75,SuperSignal_v6,,Unknown,Unknown,,2.02,-55.77
576,,2025-03-14 04:30:00,,,-1.0,66.25,EMA_Inversion_33,,Unknown,Unknown,,2.02,64.23
578,,2025-03-14 07:00:00,,,1.0,-18.75,EMA_Inversion_33,,Unknown,Unknown,,2.02,-20.77
580,,2025-03-14 07:15:00,,,-1.0,-22.5,EMA_Inversion_33,,Unknown,Unknown,,2.02,-24.52
582,,2025-03-17 03:15:00,,,1.0,-435.0,EMA_Inversion_33,,Unknown,Unknown,,2.02,-437.02
584,,2025-03-17 04:45:00,,,-1.0,46.25,EMA_Inversion_33,,Unknown,Unknown,,2.02,44.23
586,,2025-03-17 08:15:00,,,1.0,-46.25,EMA_Inversion_33,,Unknown,Unknown,,2.02,-48.27
588,,2025-03-17 08:30:00,,,-1.0,-10.0,EMA_Inversion_33,,Unknown,Unknown,,2.02,-12.02
590,,2025-03-17 09:30:00,,,1.0,-85.0,EMA_Inversion_33,,Unknown,Unknown,,2.02,-87.02
592,,2025-03-17 14:45:00,,,-1.0,320.0,SuperSignal_v6,,Unknown,Unknown,,2.02,317.98
594,,2025-03-18 06:15:00,,,1.0,30.0,EMA_Inversion_33,,Unknown,Unknown,,2.02,27.98
596,,2025-03-19 04:30:00,,,-1.0,-208.75,EMA_Inversion_33,,Unknown,Unknown,,2.02,-210.77
598,,2025-03-19 05:15:00,,,1.0,23.75,EMA_Inversion_33,,Unknown,Unknown,,2.02,21.73
600,,2025-03-19 05:45:00,,,-1.0,57.5,EMA_Inversion_33,,Unknown,Unknown,,2.02,55.48
602,,2025-03-19 09:30:00,,,1.0,-36.25,EMA_Inversion_33,,Unknown,Unknown,,2.02,-38.27
604,,2025-03-19 12:00:00,,,-1.0,142.5,SuperSignal_v6,,Unknown,Unknown,,2.02,140.48
606,,2025-03-19 15:00:00,,,-1.0,106.25,SuperSignal_v6,,Unknown,Unknown,,2.02,104.23
608,,2025-03-20 07:00:00,,,-1.0,-247.5,EMA_Inversion_33,,Unknown,Unknown,,2.02,-249.52
610,,2025-03-20 07:30:00,,,1.0,0.0,EMA_Inversion_33,,Unknown,Unknown,,2.02,-2.02
612,,2025-03-20 08:00:00,,,-1.0,50.0,EMA_Inversion_33,,Unknown,Unknown,,2.02,47.98
614,,2025-03-20 08:15:00,,,1.0,21.25,EMA_Inversion_33,,Unknown,Unknown,,2.02,19.23
616,,2025-03-20 09:30:00,,,-1.0,-75.0,EMA_Inversion_33,,Unknown,Unknown,,2.02,-77.02
618,,2025-03-21 03:30:00,,,1.0,-72.5,EMA_Inversion_33,,Unknown,Unknown,,2.02,-74.52
620,,2025-03-21 06:15:00,,,-1.0,-13.75,EMA_Inversion_33,,Unknown,Unknown,,2.02,-15.77
622,,2025-03-21 06:45:00,,,1.0,55.0,EMA_Inversion_33,,Unknown,Unknown,,2.02,52.98
624,,2025-03-21 11:45:00,,,-1.0,-156.25,SuperSignal_v6,,Unknown,Unknown,,2.02,-158.27
626,,2025-03-21 14:00:00,,,-1.0,123.75,SuperSignal_v6,,Unknown,Unknown,,2.02,121.73
628,,2025-03-23 18:00:00,,,-1.0,72.5,SuperSignal_v6,,Unknown,Unknown,,2.02,70.48
630,,2025-03-24 05:45:00,,,1.0,-20.0,EMA_Inversion_33,,Unknown,Unknown,,2.02,-22.02
632,,2025-03-24 06:30:00,,,-1.0,37.5,EMA_Inversion_33,,Unknown,Unknown,,2.02,35.48
634,,2025-03-25 04:15:00,,,1.0,-138.75,EMA_Inversion_33,,Unknown,Unknown,,2.02,-140.77
636,,2025-03-25 06:00:00,,,-1.0,28.75,EMA_Inversion_33,,Unknown,Unknown,,2.02,26.73
638,,2025-03-25 16:00:00,,,1.0,-70.0,SuperSignal_v6,,Unknown,Unknown,,2.02,-72.02
640,,2025-03-26 07:30:00,,,-1.0,12.5,EMA_Inversion_33,,Unknown,Unknown,,2.02,10.48
642,,2025-03-26 11:30:00,,,1.0,158.75,SuperSignal_v6,,Unknown,Unknown,,2.02,156.73
644,,2025-03-27 04:45:00,,,-1.0,1.25,EMA_Inversion_33,,Unknown,Unknown,,2.02,-0.77
646,,2025-03-27 07:00:00,,,1.0,21.25,EMA_Inversion_33,,Unknown,Unknown,,2.02,19.23
648,,2025-03-27 08:00:00,,,-1.0,17.5,EMA_Inversion_33,,Unknown,Unknown,,2.02,15.48
650,,2025-03-27 08:15:00,,,1.0,17.5,EMA_Inversion_33,,Unknown,Unknown,,2.02,15.48
652,,2025-03-27 09:30:00,,,-1.0,-56.25,EMA_Inversion_33,,Unknown,Unknown,,2.02,-58.27
654,,2025-03-28 03:15:00,,,1.0,68.75,EMA_Inversion_33,,Unknown,Unknown,,2.02,66.73
656,,2025-03-28 05:15:00,,,-1.0,-6.25,EMA_Inversion_33,,Unknown,Unknown,,2.02,-8.27
658,,2025-03-28 08:30:00,,,1.0,2.5,EMA_Inversion_33,,Unknown,Unknown,,2.02,0.48
660,,2025-03-28 09:15:00,,,-1.0,11.25,EMA_Inversion_33,,Unknown,Unknown,,2.02,9.23
662,,2025-03-28 09:30:00,,,1.0,28.75,EMA_Inversion_33,,Unknown,Unknown,,2.02,26.73
664,,2025-03-31 03:45:00,,,-1.0,-683.75,EMA_Inversion_33,,Unknown,Unknown,,2.02,-685.77
666,,2025-03-31 04:45:00,,,1.0,47.5,EMA_Inversion_33,,Unknown,Unknown,,2.02,45.48
668,,2025-03-31 05:30:00,,,-1.0,-13.75,EMA_Inversion_33,,Unknown,Unknown,,2.02,-15.77
670,,2025-03-31 05:45:00,,,1.0,30.0,EMA_Inversion_33,,Unknown,Unknown,,2.02,27.98
672,,2025-03-31 08:45:00,,,-1.0,25.0,EMA_Inversion_33,,Unknown,Unknown,,2.02,22.98
674,,2025-03-31 09:00:00,,,1.0,-2.5,EMA_Inversion_33,,Unknown,Unknown,,2.02,-4.52
676,,2025-03-31 09:15:00,,,-1.0,-8.75,EMA_Inversion_33,,Unknown,Unknown,,2.02,-10.77
678,,2025-03-31 09:30:00,,,1.0,43.75,EMA_Inversion_33,,Unknown,Unknown,,2.02,41.73
680,,2025-03-31 12:00:00,,,-1.0,211.25,SuperSignal_v6,,Unknown,Unknown,,2.02,209.23
682,,2025-03-31 15:30:00,,,-1.0,142.5,SuperSignal_v6,,Unknown,Unknown,,2.02,140.48
684,,2025-04-01 03:45:00,,,1.0,72.5,EMA_Inversion_33,,Unknown,Unknown,,2.02,70.48
686,,2025-04-01 04:30:00,,,-1.0,26.25,EMA_Inversion_33,,Unknown,Unknown,,2.02,24.23
688,,2025-04-01 06:15:00,,,1.0,22.5,EMA_Inversion_33,,Unknown,Unknown,,2.02,20.48
690,,2025-04-01 09:15:00,,,-1.0,-1.25,EMA_Inversion_33,,Unknown,Unknown,,2.02,-3.27
692,,2025-04-01 10:45:00,,,1.0,60.0,SuperSignal_v6,,Unknown,Unknown,,2.02,57.98
694,,2025-04-01 14:15:00,,,-1.0,-116.25,SuperSignal_v6,,Unknown,Unknown,,2.02,-118.27
696,,2025-04-02 06:30:00,,,-1.0,-70.0,EMA_Inversion_33,,Unknown,Unknown,,2.02,-72.02
698,,2025-04-02 06:45:00,,,1.0,36.25,EMA_Inversion_33,,Unknown,Unknown,,2.02,34.23
700,,2025-04-02 08:15:00,,,-1.0,-66.25,EMA_Inversion_33,,Unknown,Unknown,,2.02,-68.27
702,,2025-04-02 08:30:00,,,1.0,77.5,EMA_Inversion_33,,Unknown,Unknown,,2.02,75.48
704,,2025-04-02 09:00:00,,,-1.0,58.75,EMA_Inversion_33,,Unknown,Unknown,,2.02,56.73
706,,2025-04-02 09:15:00,,,1.0,31.25,EMA_Inversion_33,,Unknown,Unknown,,2.02,29.23
708,,2025-04-02 09:30:00,,,-1.0,-25.0,EMA_Inversion_33,,Unknown,Unknown,,2.02,-27.02
710,,2025-04-03 03:15:00,,,1.0,425.0,EMA_Inversion_33,,Unknown,Unknown,,2.02,422.98
712,,2025-04-03 03:30:00,,,-1.0,67.5,EMA_Inversion_33,,Unknown,Unknown,,2.02,65.48
714,,2025-04-03 05:15:00,,,1.0,23.75,EMA_Inversion_33,,Unknown,Unknown,,2.02,21.73
716,,2025-04-03 07:15:00,,,-1.0,-51.25,EMA_Inversion_33,,Unknown,Unknown,,2.02,-53.27
718,,2025-04-03 07:30:00,,,1.0,40.0,EMA_Inversion_33,,Unknown,Unknown,,2.02,37.98
720,,2025-04-03 08:15:00,,,-1.0,75.0,EMA_Inversion_33,,Unknown,Unknown,,2.02,72.98
722,,2025-04-03 08:30:00,,,1.0,58.75,EMA_Inversion_33,,Unknown,Unknown,,2.02,56.73
724,,2025-04-04 03:15:00,,,-1.0,-546.25,EMA_Inversion_33,,Unknown,Unknown,,2.02,-548.27
726,,2025-04-04 03:45:00,,,1.0,47.5,EMA_Inversion_33,,Unknown,Unknown,,2.02,45.48
728,,2025-04-04 08:00:00,,,-1.0,-591.25,EMA_Inversion_33,,Unknown,Unknown,,2.02,-593.27
730,,2025-04-04 08:15:00,,,1.0,20.0,EMA_Inversion_33,,Unknown,Unknown,,2.02,17.98
732,,2025-04-04 08:30:00,,,-1.0,46.25,EMA_Inversion_33,,Unknown,Unknown,,2.02,44.23
734,,2025-04-04 08:45:00,,,1.0,-45.0,EMA_Inversion_33,,Unknown,Unknown,,2.02,-47.02
736,,2025-04-04 09:00:00,,,-1.0,22.5,EMA_Inversion_33,,Unknown,Unknown,,2.02,20.48
738,,2025-04-04 09:15:00,,,1.0,25.0,EMA_Inversion_33,,Unknown,Unknown,,2.02,22.98
740,,2025-04-04 09:30:00,,,-1.0,-32.5,EMA_Inversion_33,,Unknown,Unknown,,2.02,-34.52
742,,2025-04-04 11:00:00,,,1.0,580.0,SuperSignal_v6,,Unknown,Unknown,,2.02,577.98
744,,2025-04-04 13:30:00,,,1.0,396.25,SuperSignal_v6,,Unknown,Unknown,,2.02,394.23
746,,2025-04-04 14:45:00,,,1.0,270.0,SuperSignal_v6,,Unknown,Unknown,,2.02,267.98
748,,2025-04-07 04:00:00,,,-1.0,93.75,EMA_Inversion_33,,Unknown,Unknown,,2.02,91.73
750,,2025-04-07 07:00:00,,,1.0,-588.75,EMA_Inversion_33,,Unknown,Unknown,,2.02,-590.77
752,,2025-04-07 07:15:00,,,-1.0,110.0,EMA_Inversion_33,,Unknown,Unknown,,2.02,107.98
754,,2025-04-07 07:45:00,,,1.0,168.75,EMA_Inversion_33,,Unknown,Unknown,,2.02,166.73
756,,2025-04-07 08:00:00,,,-1.0,-1.25,EMA_Inversion_33,,Unknown,Unknown,,2.02,-3.27
758,,2025-04-07 08:15:00,,,1.0,61.25,EMA_Inversion_33,,Unknown,Unknown,,2.02,59.23
760,,2025-04-07 08:30:00,,,-1.0,192.5,EMA_Inversion_33,,Unknown,Unknown,,2.02,190.48
762,,2025-04-07 08:45:00,,,1.0,152.5,EMA_Inversion_33,,Unknown,Unknown,,2.02,150.48
764,,2025-04-07 09:00:00,,,-1.0,153.75,EMA_Inversion_33,,Unknown,Unknown,,2.02,151.73
766,,2025-04-07 09:15:00,,,1.0,170.0,EMA_Inversion_33,,Unknown,Unknown,,2.02,167.98
768,,2025-04-07 10:15:00,,,-1.0,676.25,SuperSignal_v6,,Unknown,Unknown,,2.02,674.23
770,,2025-04-07 14:30:00,,,-1.0,346.25,SuperSignal_v6,,Unknown,Unknown,,2.02,344.23
772,,2025-04-08 04:15:00,,,1.0,43.75,EMA_Inversion_33,,Unknown,Unknown,,2.02,41.73
774,,2025-04-08 04:45:00,,,-1.0,53.75,EMA_Inversion_33,,Unknown,Unknown,,2.02,51.73
776,,2025-04-08 05:30:00,,,1.0,42.5,EMA_Inversion_33,,Unknown,Unknown,,2.02,40.48
778,,2025-04-08 05:45:00,,,-1.0,46.25,EMA_Inversion_33,,Unknown,Unknown,,2.02,44.23
780,,2025-04-08 06:00:00,,,1.0,93.75,EMA_Inversion_33,,Unknown,Unknown,,2.02,91.73
782,,2025-04-08 06:45:00,,,-1.0,80.0,EMA_Inversion_33,,Unknown,Unknown,,2.02,77.98
784,,2025-04-08 07:15:00,,,1.0,36.25,EMA_Inversion_33,,Unknown,Unknown,,2.02,34.23
786,,2025-04-08 07:30:00,,,-1.0,82.5,EMA_Inversion_33,,Unknown,Unknown,,2.02,80.48
788,,2025-04-08 08:45:00,,,1.0,-165.0,EMA_Inversion_33,,Unknown,Unknown,,2.02,-167.02
790,,2025-04-08 09:00:00,,,-1.0,30.0,EMA_Inversion_33,,Unknown,Unknown,,2.02,27.98
792,,2025-04-08 09:30:00,,,1.0,-243.75,EMA_Inversion_33,,Unknown,Unknown,,2.02,-245.77
794,,2025-04-08 11:00:00,,,-1.0,-143.75,SuperSignal_v6,,Unknown,Unknown,,2.02,-145.77
796,,2025-04-08 12:45:00,,,1.0,231.25,SuperSignal_v6,,Unknown,Unknown,,2.02,229.23
798,,2025-04-09 03:30:00,,,1.0,82.5,EMA_Inversion_33,,Unknown,Unknown,,2.02,80.48
800,,2025-04-09 03:45:00,,,-1.0,170.0,EMA_Inversion_33,,Unknown,Unknown,,2.02,167.98
802,,2025-04-09 04:00:00,,,1.0,68.75,EMA_Inversion_33,,Unknown,Unknown,,2.02,66.73
804,,2025-04-09 04:45:00,,,-1.0,-110.0,EMA_Inversion_33,,Unknown,Unknown,,2.02,-112.02
806,,2025-04-09 05:45:00,,,1.0,-2.5,EMA_Inversion_33,,Unknown,Unknown,,2.02,-4.52
808,,2025-04-09 08:45:00,,,-1.0,-362.5,EMA_Inversion_33,,Unknown,Unknown,,2.02,-364.52
810,,2025-04-09 09:00:00,,,1.0,-113.75,EMA_Inversion_33,,Unknown,Unknown,,2.02,-115.77
812,,2025-04-09 09:15:00,,,-1.0,107.5,EMA_Inversion_33,,Unknown,Unknown,,2.02,105.48
814,,2025-04-09 13:00:00,,,1.0,-413.75,SuperSignal_v6,,Unknown,Unknown,,2.02,-415.77
816,,2025-04-09 13:30:00,,,-1.0,288.75,SuperSignal_v6,,Unknown,Unknown,,2.02,286.73
818,,2025-04-10 04:45:00,,,-1.0,-280.0,EMA_Inversion_33,,Unknown,Unknown,,2.02,-282.02
820,,2025-04-10 05:00:00,,,1.0,75.0,EMA_Inversion_33,,Unknown,Unknown,,2.02,72.98
822,,2025-04-10 06:15:00,,,-1.0,181.25,EMA_Inversion_33,,Unknown,Unknown,,2.02,179.23
824,,2025-04-10 07:00:00,,,1.0,90.0,EMA_Inversion_33,,Unknown,Unknown,,2.02,87.98
826,,2025-04-10 08:00:00,,,-1.0,76.25,EMA_Inversion_33,,Unknown,Unknown,,2.02,74.23
828,,2025-04-10 08:15:00,,,1.0,70.0,EMA_Inversion_33,,Unknown,Unknown,,2.02,67.98
830,,2025-04-10 09:30:00,,,-1.0,-82.5,EMA_Inversion_33,,Unknown,Unknown,,2.02,-84.52
832,,2025-04-10 12:00:00,,,1.0,607.5,SuperSignal_v6,,Unknown,Unknown,,2.02,605.48
834,,2025-04-10 18:00:00,,,1.0,-128.75,SuperSignal_v6,,Unknown,Unknown,,2.02,-130.77
836,,2025-04-11 05:15:00,,,-1.0,-27.5,EMA_Inversion_33,,Unknown,Unknown,,2.02,-29.52
838,,2025-04-11 07:30:00,,,1.0,-166.25,EMA_Inversion_33,,Unknown,Unknown,,2.02,-168.27
840,,2025-04-11 07:45:00,,,-1.0,-11.25,EMA_Inversion_33,,Unknown,Unknown,,2.02,-13.27
842,,2025-04-11 08:00:00,,,1.0,-42.5,EMA_Inversion_33,,Unknown,Unknown,,2.02,-44.52
844,,2025-04-11 08:15:00,,,-1.0,10.0,EMA_Inversion_33,,Unknown,Unknown,,2.02,7.98
846,,2025-04-11 09:00:00,,,1.0,80.0,EMA_Inversion_33,,Unknown,Unknown,,2.02,77.98
848,,2025-04-11 09:30:00,,,-1.0,-131.25,EMA_Inversion_33,,Unknown,Unknown,,2.02,-133.27
850,,2025-04-11 12:00:00,,,1.0,-198.75,SuperSignal_v6,,Unknown,Unknown,,2.02,-200.77
852,,2025-04-13 18:00:00,,,-1.0,-35.0,SuperSignal_v6,,Unknown,Unknown,,2.02,-37.02
854,,2025-04-14 05:30:00,,,1.0,-2.5,EMA_Inversion_33,,Unknown,Unknown,,2.02,-4.52
856,,2025-04-14 06:45:00,,,-1.0,33.75,EMA_Inversion_33,,Unknown,Unknown,,2.02,31.73
858,,2025-04-14 08:00:00,,,1.0,45.0,EMA_Inversion_33,,Unknown,Unknown,,2.02,42.98
860,,2025-04-14 08:15:00,,,-1.0,56.25,EMA_Inversion_33,,Unknown,Unknown,,2.02,54.23
862,,2025-04-14 09:30:00,,,1.0,-145.0,EMA_Inversion_33,,Unknown,Unknown,,2.02,-147.02
864,,2025-04-15 03:15:00,,,-1.0,-208.75,EMA_Inversion_33,,Unknown,Unknown,,2.02,-210.77
866,,2025-04-15 05:45:00,,,1.0,45.0,EMA_Inversion_33,,Unknown,Unknown,,2.02,42.98
868,,2025-04-15 06:15:00,,,-1.0,47.5,EMA_Inversion_33,,Unknown,Unknown,,2.02,45.48
870,,2025-04-15 07:45:00,,,1.0,86.25,EMA_Inversion_33,,Unknown,Unknown,,2.02,84.23
872,,2025-04-15 08:45:00,,,-1.0,-10.0,EMA_Inversion_33,,Unknown,Unknown,,2.02,-12.02
874,,2025-04-15 09:00:00,,,1.0,-7.5,EMA_Inversion_33,,Unknown,Unknown,,2.02,-9.52
876,,2025-04-15 09:15:00,,,-1.0,27.5,EMA_Inversion_33,,Unknown,Unknown,,2.02,25.48
878,,2025-04-15 18:00:00,,,1.0,71.25,SuperSignal_v6,,Unknown,Unknown,,2.02,69.23
880,,2025-04-16 04:30:00,,,-1.0,125.0,EMA_Inversion_33,,Unknown,Unknown,,2.02,122.98
882,,2025-04-16 05:00:00,,,1.0,-50.0,EMA_Inversion_33,,Unknown,Unknown,,2.02,-52.02
884,,2025-04-16 05:15:00,,,-1.0,10.0,EMA_Inversion_33,,Unknown,Unknown,,2.02,7.98
886,,2025-04-16 06:00:00,,,1.0,42.5,EMA_Inversion_33,,Unknown,Unknown,,2.02,40.48
888,,2025-04-16 06:15:00,,,-1.0,25.0,EMA_Inversion_33,,Unknown,Unknown,,2.02,22.98
890,,2025-04-16 09:00:00,,,1.0,60.0,EMA_Inversion_33,,Unknown,Unknown,,2.02,57.98
892,,2025-04-16 09:15:00,,,-1.0,-20.0,EMA_Inversion_33,,Unknown,Unknown,,2.02,-22.02
894,,2025-04-16 09:30:00,,,1.0,25.0,EMA_Inversion_33,,Unknown,Unknown,,2.02,22.98
896,,2025-04-16 12:00:00,,,-1.0,-11.25,SuperSignal_v6,,Unknown,Unknown,,2.02,-13.27
898,,2025-04-16 13:45:00,,,1.0,136.25,SuperSignal_v6,,Unknown,Unknown,,2.02,134.23
900,,2025-04-17 05:00:00,,,1.0,35.0,EMA_Inversion_33,,Unknown,Unknown,,2.02,32.98
902,,2025-04-17 05:30:00,,,-1.0,43.75,EMA_Inversion_33,,Unknown,Unknown,,2.02,41.73
904,,2025-04-17 06:15:00,,,1.0,91.25,EMA_Inversion_33,,Unknown,Unknown,,2.02,89.23
906,,2025-04-17 09:15:00,,,-1.0,-51.25,EMA_Inversion_33,,Unknown,Unknown,,2.02,-53.27
908,,2025-04-17 09:30:00,,,1.0,16.25,EMA_Inversion_33,,Unknown,Unknown,,2.02,14.23
910,,2025-04-17 10:30:00,,,-1.0,-72.5,SuperSignal_v6,,Unknown,Unknown,,2.02,-74.52
912,,2025-04-17 16:00:00,,,-1.0,-155.0,SuperSignal_v6,,Unknown,Unknown,,2.02,-157.02
914,,2025-04-21 08:30:00,,,-1.0,-32.5,EMA_Inversion_33,,Unknown,Unknown,,2.02,-34.52
916,,2025-04-21 09:15:00,,,1.0,22.5,EMA_Inversion_33,,Unknown,Unknown,,2.02,20.48
918,,2025-04-22 03:30:00,,,-1.0,-70.0,EMA_Inversion_33,,Unknown,Unknown,,2.02,-72.02
920,,2025-04-22 04:15:00,,,1.0,50.0,EMA_Inversion_33,,Unknown,Unknown,,2.02,47.98
922,,2025-04-22 04:30:00,,,-1.0,21.25,EMA_Inversion_33,,Unknown,Unknown,,2.02,19.23
924,,2025-04-22 07:15:00,,,1.0,30.0,EMA_Inversion_33,,Unknown,Unknown,,2.02,27.98
926,,2025-04-22 08:45:00,,,-1.0,27.5,EMA_Inversion_33,,Unknown,Unknown,,2.02,25.48
928,,2025-04-22 09:30:00,,,1.0,-77.5,EMA_Inversion_33,,Unknown,Unknown,,2.02,-79.52
930,,2025-04-22 10:45:00,,,-1.0,173.75,SuperSignal_v6,,Unknown,Unknown,,2.02,171.73
932,,2025-04-22 16:15:00,,,-1.0,176.25,SuperSignal_v6,,Unknown,Unknown,,2.02,174.23
934,,2025-04-23 05:45:00,,,1.0,-86.25,EMA_Inversion_33,,Unknown,Unknown,,2.02,-88.27
936,,2025-04-23 06:00:00,,,-1.0,42.5,EMA_Inversion_33,,Unknown,Unknown,,2.02,40.48
938,,2025-04-23 07:30:00,,,1.0,-60.0,EMA_Inversion_33,,Unknown,Unknown,,2.02,-62.02
940,,2025-04-23 08:15:00,,,-1.0,-5.0,EMA_Inversion_33,,Unknown,Unknown,,2.02,-7.02
942,,2025-04-23 09:15:00,,,1.0,-17.5,EMA_Inversion_33,,Unknown,Unknown,,2.02,-19.52
944,,2025-04-23 09:30:00,,,-1.0,40.0,EMA_Inversion_33,,Unknown,Unknown,,2.02,37.98
946,,2025-04-23 15:30:00,,,1.0,290.0,SuperSignal_v6,,Unknown,Unknown,,2.02,287.98
948,,2025-04-24 06:15:00,,,-1.0,-7.5,EMA_Inversion_33,,Unknown,Unknown,,2.02,-9.52
950,,2025-04-24 07:15:00,,,1.0,-66.25,EMA_Inversion_33,,Unknown,Unknown,,2.02,-68.27
952,,2025-04-24 07:30:00,,,-1.0,-26.25,EMA_Inversion_33,,Unknown,Unknown,,2.02,-28.27
954,,2025-04-24 07:45:00,,,1.0,28.75,EMA_Inversion_33,,Unknown,Unknown,,2.02,26.73
956,,2025-04-24 08:00:00,,,-1.0,25.0,EMA_Inversion_33,,Unknown,Unknown,,2.02,22.98
958,,2025-04-24 09:30:00,,,1.0,-120.0,EMA_Inversion_33,,Unknown,Unknown,,2.02,-122.02
960,,2025-04-24 10:30:00,,,-1.0,251.25,SuperSignal_v6,,Unknown,Unknown,,2.02,249.23
962,,2025-04-25 05:00:00,,,1.0,18.75,EMA_Inversion_33,,Unknown,Unknown,,2.02,16.73
964,,2025-04-25 07:15:00,,,-1.0,-146.25,EMA_Inversion_33,,Unknown,Unknown,,2.02,-148.27
966,,2025-04-25 07:30:00,,,1.0,-25.0,EMA_Inversion_33,,Unknown,Unknown,,2.02,-27.02
968,,2025-04-25 13:30:00,,,-1.0,192.5,SuperSignal_v6,,Unknown,Unknown,,2.02,190.48
970,,2025-04-25 16:45:00,,,-1.0,127.5,SuperSignal_v6,,Unknown,Unknown,,2.02,125.48
972,,2025-04-28 07:00:00,,,1.0,42.5,EMA_Inversion_33,,Unknown,Unknown,,2.02,40.48
974,,2025-04-28 07:30:00,,,-1.0,45.0,EMA_Inversion_33,,Unknown,Unknown,,2.02,42.98
976,,2025-04-28 11:30:00,,,1.0,110.0,SuperSignal_v6,,Unknown,Unknown,,2.02,107.98
978,,2025-04-29 04:15:00,,,1.0,55.0,EMA_Inversion_33,,Unknown,Unknown,,2.02,52.98
980,,2025-04-29 04:30:00,,,-1.0,33.75,EMA_Inversion_33,,Unknown,Unknown,,2.02,31.73
982,,2025-04-29 06:45:00,,,1.0,65.0,EMA_Inversion_33,,Unknown,Unknown,,2.02,62.98
984,,2025-04-29 13:00:00,,,-1.0,-15.0,SuperSignal_v6,,Unknown,Unknown,,2.02,-17.02
986,,2025-04-29 14:00:00,,,-1.0,105.0,SuperSignal_v6,,Unknown,Unknown,,2.02,102.98
988,,2025-04-30 06:45:00,,,1.0,41.25,EMA_Inversion_33,,Unknown,Unknown,,2.02,39.23
990,,2025-04-30 14:15:00,,,-1.0,2.5,SuperSignal_v6,,Unknown,Unknown,,2.02,0.48
992,,2025-04-30 16:00:00,,,-1.0,138.75,SuperSignal_v6,,Unknown,Unknown,,2.02,136.73
994,,2025-05-01 09:00:00,,,1.0,38.75,EMA_Inversion_33,,Unknown,Unknown,,2.02,36.73
996,,2025-05-01 09:30:00,,,-1.0,27.5,EMA_Inversion_33,,Unknown,Unknown,,2.02,25.48
998,,2025-05-01 10:15:00,,,1.0,-26.25,SuperSignal_v6,,Unknown,Unknown,,2.02,-28.27
1000,,2025-05-01 12:30:00,,,-1.0,-126.25,SuperSignal_v6,,Unknown,Unknown,,2.02,-128.27
1002,,2025-05-01 16:00:00,,,-1.0,-78.75,SuperSignal_v6,,Unknown,Unknown,,2.02,-80.77
1004,,2025-05-02 08:45:00,,,-1.0,100.0,EMA_Inversion_33,,Unknown,Unknown,,2.02,97.98
1006,,2025-05-05 04:45:00,,,1.0,37.5,EMA_Inversion_33,,Unknown,Unknown,,2.02,35.48
1008,,2025-05-05 12:15:00,,,-1.0,142.5,SuperSignal_v6,,Unknown,Unknown,,2.02,140.48
1010,,2025-05-06 09:30:00,,,-1.0,-185.0,EMA_Inversion_33,,Unknown,Unknown,,2.02,-187.02
1012,,2025-05-06 10:15:00,,,1.0,-65.0,SuperSignal_v6,,Unknown,Unknown,,2.02,-67.02
1014,,2025-05-06 12:15:00,,,-1.0,127.5,SuperSignal_v6,,Unknown,Unknown,,2.02,125.48
1016,,2025-05-06 16:15:00,,,-1.0,-97.5,SuperSignal_v6,,Unknown,Unknown,,2.02,-99.52
1018,,2025-05-07 05:00:00,,,-1.0,25.0,EMA_Inversion_33,,Unknown,Unknown,,2.02,22.98
1020,,2025-05-07 08:15:00,,,1.0,78.75,EMA_Inversion_33,,Unknown,Unknown,,2.02,76.73
1022,,2025-05-07 11:00:00,,,-1.0,-38.75,SuperSignal_v6,,Unknown,Unknown,,2.02,-40.77
1024,,2025-05-07 13:00:00,,,1.0,-142.5,SuperSignal_v6,,Unknown,Unknown,,2.02,-144.52
1026,,2025-05-07 14:15:00,,,1.0,97.5,SuperSignal_v6,,Unknown,Unknown,,2.02,95.48
1028,,2025-05-07 15:45:00,,,1.0,-218.75,SuperSignal_v6,,Unknown,Unknown,,2.02,-220.77
1030,,2025-05-08 07:45:00,,,1.0,-37.5,EMA_Inversion_33,,Unknown,Unknown,,2.02,-39.52
1032,,2025-05-08 09:30:00,,,-1.0,-63.75,EMA_Inversion_33,,Unknown,Unknown,,2.02,-65.77
1034,,2025-05-08 11:00:00,,,1.0,180.0,SuperSignal_v6,,Unknown,Unknown,,2.02,177.98
1036,,2025-05-08 12:00:00,,,-1.0,171.25,SuperSignal_v6,,Unknown,Unknown,,2.02,169.23
1038,,2025-05-08 16:00:00,,,-1.0,-85.0,SuperSignal_v6,,Unknown,Unknown,,2.02,-87.02
1040,,2025-05-09 04:15:00,,,1.0,22.5,EMA_Inversion_33,,Unknown,Unknown,,2.02,20.48
1042,,2025-05-09 06:00:00,,,-1.0,35.0,EMA_Inversion_33,,Unknown,Unknown,,2.02,32.98
1044,,2025-05-09 07:30:00,,,1.0,-3.75,EMA_Inversion_33,,Unknown,Unknown,,2.02,-5.77
1046,,2025-05-09 08:45:00,,,-1.0,57.5,EMA_Inversion_33,,Unknown,Unknown,,2.02,55.48
1048,,2025-05-11 18:00:00,,,1.0,105.0,SuperSignal_v6,,Unknown,Unknown,,2.02,102.98
1050,,2025-05-12 03:45:00,,,1.0,42.5,EMA_Inversion_33,,Unknown,Unknown,,2.02,40.48
1052,,2025-05-12 04:15:00,,,-1.0,-45.0,EMA_Inversion_33,,Unknown,Unknown,,2.02,-47.02
1054,,2025-05-12 08:45:00,,,1.0,-141.25,EMA_Inversion_33,,Unknown,Unknown,,2.02,-143.27
1056,,2025-05-12 16:00:00,,,-1.0,70.0,SuperSignal_v6,,Unknown,Unknown,,2.02,67.98
1058,,2025-05-13 06:00:00,,,-1.0,38.75,EMA_Inversion_33,,Unknown,Unknown,,2.02,36.73
1060,,2025-05-13 09:30:00,,,1.0,-98.75,EMA_Inversion_33,,Unknown,Unknown,,2.02,-100.77
1062,,2025-05-13 10:15:00,,,-1.0,192.5,SuperSignal_v6,,Unknown,Unknown,,2.02,190.48
1064,,2025-05-13 16:00:00,,,-1.0,-61.25,SuperSignal_v6,,Unknown,Unknown,,2.02,-63.27
1066,,2025-05-14 03:30:00,,,1.0,58.75,EMA_Inversion_33,,Unknown,Unknown,,2.02,56.73
1068,,2025-05-14 04:00:00,,,-1.0,25.0,EMA_Inversion_33,,Unknown,Unknown,,2.02,22.98
1070,,2025-05-14 05:00:00,,,1.0,21.25,EMA_Inversion_33,,Unknown,Unknown,,2.02,19.23
1072,,2025-05-14 07:15:00,,,-1.0,37.5,EMA_Inversion_33,,Unknown,Unknown,,2.02,35.48
1074,,2025-05-14 13:30:00,,,1.0,92.5,SuperSignal_v6,,Unknown,Unknown,,2.02,90.48
1076,,2025-05-14 18:00:00,,,1.0,2.5,SuperSignal_v6,,Unknown,Unknown,,2.02,0.48
1078,,2025-05-15 06:00:00,,,-1.0,-11.25,EMA_Inversion_33,,Unknown,Unknown,,2.02,-13.27
1080,,2025-05-15 06:45:00,,,1.0,21.25,EMA_Inversion_33,,Unknown,Unknown,,2.02,19.23
1082,,2025-05-15 08:00:00,,,-1.0,35.0,EMA_Inversion_33,,Unknown,Unknown,,2.02,32.98
1084,,2025-05-15 09:30:00,,,1.0,-22.5,EMA_Inversion_33,,Unknown,Unknown,,2.02,-24.52
1086,,2025-05-15 11:30:00,,,-1.0,140.0,SuperSignal_v6,,Unknown,Unknown,,2.02,137.98
1088,,2025-05-15 15:30:00,,,-1.0,-61.25,SuperSignal_v6,,Unknown,Unknown,,2.02,-63.27
1090,,2025-05-16 09:00:00,,,1.0,-37.5,EMA_Inversion_33,,Unknown,Unknown,,2.02,-39.52
1092,,2025-05-16 13:30:00,,,-1.0,103.75,SuperSignal_v6,,Unknown,Unknown,,2.02,101.73
1094,,2025-05-19 05:30:00,,,-1.0,7.5,EMA_Inversion_33,,Unknown,Unknown,,2.02,5.48
1096,,2025-05-19 06:15:00,,,1.0,33.75,EMA_Inversion_33,,Unknown,Unknown,,2.02,31.73
1098,,2025-05-19 06:45:00,,,-1.0,55.0,EMA_Inversion_33,,Unknown,Unknown,,2.02,52.98
1100,,2025-05-19 09:15:00,,,1.0,12.5,EMA_Inversion_33,,Unknown,Unknown,,2.02,10.48
1102,,2025-05-19 09:30:00,,,-1.0,26.25,EMA_Inversion_33,,Unknown,Unknown,,2.02,24.23
1104,,2025-05-20 03:45:00,,,1.0,-245.0,EMA_Inversion_33,,Unknown,Unknown,,2.02,-247.02
1106,,2025-05-20 07:00:00,,,-1.0,46.25,EMA_Inversion_33,,Unknown,Unknown,,2.02,44.23
1108,,2025-05-20 13:15:00,,,1.0,11.25,SuperSignal_v6,,Unknown,Unknown,,2.02,9.23
1110,,2025-05-20 15:15:00,,,1.0,62.5,SuperSignal_v6,,Unknown,Unknown,,2.02,60.48
1112,,2025-05-21 04:45:00,,,-1.0,-30.0,EMA_Inversion_33,,Unknown,Unknown,,2.02,-32.02
1114,,2025-05-21 05:15:00,,,1.0,2.5,EMA_Inversion_33,,Unknown,Unknown,,2.02,0.48
1116,,2025-05-21 07:00:00,,,-1.0,-25.0,EMA_Inversion_33,,Unknown,Unknown,,2.02,-27.02
1118,,2025-05-21 08:45:00,,,1.0,-1.25,EMA_Inversion_33,,Unknown,Unknown,,2.02,-3.27
1120,,2025-05-21 13:00:00,,,-1.0,181.25,SuperSignal_v6,,Unknown,Unknown,,2.02,179.23
1122,,2025-05-21 15:15:00,,,1.0,157.5,SuperSignal_v6,,Unknown,Unknown,,2.02,155.48
1124,,2025-05-22 07:00:00,,,1.0,18.75,EMA_Inversion_33,,Unknown,Unknown,,2.02,16.73
1126,,2025-05-22 08:45:00,,,-1.0,-96.25,EMA_Inversion_33,,Unknown,Unknown,,2.02,-98.27
1128,,2025-05-22 09:00:00,,,1.0,-70.0,EMA_Inversion_33,,Unknown,Unknown,,2.02,-72.02
1130,,2025-05-22 09:15:00,,,-1.0,11.25,EMA_Inversion_33,,Unknown,Unknown,,2.02,9.23
1132,,2025-05-23 05:15:00,,,1.0,23.75,EMA_Inversion_33,,Unknown,Unknown,,2.02,21.73
1134,,2025-05-23 06:00:00,,,-1.0,3.75,EMA_Inversion_33,,Unknown,Unknown,,2.02,1.73
1136,,2025-05-23 06:15:00,,,1.0,21.25,EMA_Inversion_33,,Unknown,Unknown,,2.02,19.23
1138,,2025-05-23 08:30:00,,,-1.0,-365.0,EMA_Inversion_33,,Unknown,Unknown,,2.02,-367.02
1140,,2025-05-23 08:45:00,,,1.0,5.0,EMA_Inversion_33,,Unknown,Unknown,,2.02,2.98
1142,,2025-05-23 13:30:00,,,-1.0,270.0,SuperSignal_v6,,Unknown,Unknown,,2.02,267.98
1144,,2025-05-27 04:00:00,,,1.0,-102.5,EMA_Inversion_33,,Unknown,Unknown,,2.02,-104.52
1146,,2025-05-27 04:15:00,,,-1.0,-2.5,EMA_Inversion_33,,Unknown,Unknown,,2.02,-4.52
1148,,2025-05-27 08:45:00,,,1.0,80.0,EMA_Inversion_33,,Unknown,Unknown,,2.02,77.98
1150,,2025-05-27 09:30:00,,,-1.0,-20.0,EMA_Inversion_33,,Unknown,Unknown,,2.02,-22.02
1152,,2025-05-28 03:30:00,,,1.0,-193.75,EMA_Inversion_33,,Unknown,Unknown,,2.02,-195.77
1154,,2025-05-28 06:45:00,,,-1.0,66.25,EMA_Inversion_33,,Unknown,Unknown,,2.02,64.23
1156,,2025-05-28 09:30:00,,,1.0,-12.5,EMA_Inversion_33,,Unknown,Unknown,,2.02,-14.52
1158,,2025-05-29 03:45:00,,,-1.0,301.25,EMA_Inversion_33,,Unknown,Unknown,,2.02,299.23
1160,,2025-05-29 04:30:00,,,1.0,33.75,EMA_Inversion_33,,Unknown,Unknown,,2.02,31.73
1162,,2025-05-30 04:15:00,,,-1.0,-378.75,EMA_Inversion_33,,Unknown,Unknown,,2.02,-380.77
1164,,2025-05-30 08:15:00,,,1.0,146.25,EMA_Inversion_33,,Unknown,Unknown,,2.02,144.23
1166,,2025-05-30 08:45:00,,,-1.0,72.5,EMA_Inversion_33,,Unknown,Unknown,,2.02,70.48
1168,,2025-05-30 09:00:00,,,1.0,22.5,EMA_Inversion_33,,Unknown,Unknown,,2.02,20.48
1170,,2025-05-30 12:30:00,,,-1.0,-46.25,SuperSignal_v6,,Unknown,Unknown,,2.02,-48.27
1172,,2025-06-01 18:00:00,,,-1.0,-15.0,SuperSignal_v6,,Unknown,Unknown,,2.02,-17.02
1174,,2025-06-02 03:45:00,,,-1.0,55.0,EMA_Inversion_33,,Unknown,Unknown,,2.02,52.98
1176,,2025-06-02 04:00:00,,,1.0,-2.5,EMA_Inversion_33,,Unknown,Unknown,,2.02,-4.52
1178,,2025-06-02 04:15:00,,,-1.0,50.0,EMA_Inversion_33,,Unknown,Unknown,,2.02,47.98
1180,,2025-06-02 05:15:00,,,1.0,45.0,EMA_Inversion_33,,Unknown,Unknown,,2.02,42.98
1182,,2025-06-02 07:00:00,,,-1.0,42.5,EMA_Inversion_33,,Unknown,Unknown,,2.02,40.48
1184,,2025-06-02 09:30:00,,,1.0,-36.25,EMA_Inversion_33,,Unknown,Unknown,,2.02,-38.27
1186,,2025-06-02 14:30:00,,,-1.0,187.5,SuperSignal_v6,,Unknown,Unknown,,2.02,185.48
1188,,2025-06-03 05:45:00,,,-1.0,55.0,EMA_Inversion_33,,Unknown,Unknown,,2.02,52.98
1190,,2025-06-03 06:15:00,,,1.0,18.75,EMA_Inversion_33,,Unknown,Unknown,,2.02,16.73
1192,,2025-06-03 06:45:00,,,-1.0,28.75,EMA_Inversion_33,,Unknown,Unknown,,2.02,26.73
1194,,2025-06-03 09:30:00,,,1.0,-86.25,EMA_Inversion_33,,Unknown,Unknown,,2.02,-88.27
1196,,2025-06-03 11:45:00,,,-1.0,150.0,SuperSignal_v6,,Unknown,Unknown,,2.02,147.98
1198,,2025-06-03 18:00:00,,,-1.0,-11.25,SuperSignal_v6,,Unknown,Unknown,,2.02,-13.27
1200,,2025-06-04 08:30:00,,,1.0,18.75,EMA_Inversion_33,,Unknown,Unknown,,2.02,16.73
1202,,2025-06-05 03:30:00,,,-1.0,60.0,EMA_Inversion_33,,Unknown,Unknown,,2.02,57.98
1204,,2025-06-05 05:15:00,,,1.0,32.5,EMA_Inversion_33,,Unknown,Unknown,,2.02,30.48
1206,,2025-06-05 05:45:00,,,-1.0,13.75,EMA_Inversion_33,,Unknown,Unknown,,2.02,11.73
1208,,2025-06-05 07:15:00,,,1.0,43.75,EMA_Inversion_33,,Unknown,Unknown,,2.02,41.73
1210,,2025-06-05 09:00:00,,,-1.0,70.0,EMA_Inversion_33,,Unknown,Unknown,,2.02,67.98
1212,,2025-06-05 09:30:00,,,1.0,-13.75,EMA_Inversion_33,,Unknown,Unknown,,2.02,-15.77
1214,,2025-06-05 13:00:00,,,-1.0,-77.5,SuperSignal_v6,,Unknown,Unknown,,2.02,-79.52
1216,,2025-06-05 15:30:00,,,1.0,151.25,SuperSignal_v6,,Unknown,Unknown,,2.02,149.23
1218,,2025-06-06 14:15:00,,,1.0,-206.25,SuperSignal_v6,,Unknown,Unknown,,2.02,-208.27
1220,,2025-06-10 03:15:00,,,1.0,-15.0,EMA_Inversion_33,,Unknown,Unknown,,2.02,-17.02
1222,,2025-06-10 04:00:00,,,-1.0,-10.0,EMA_Inversion_33,,Unknown,Unknown,,2.02,-12.02
1224,,2025-06-10 04:15:00,,,1.0,37.5,EMA_Inversion_33,,Unknown,Unknown,,2.02,35.48
1226,,2025-06-10 04:45:00,,,-1.0,53.75,EMA_Inversion_33,,Unknown,Unknown,,2.02,51.73
1228,,2025-06-11 03:30:00,,,1.0,-93.75,EMA_Inversion_33,,Unknown,Unknown,,2.02,-95.77
1230,,2025-06-11 04:00:00,,,-1.0,31.25,EMA_Inversion_33,,Unknown,Unknown,,2.02,29.23
1232,,2025-06-11 08:45:00,,,1.0,-148.75,EMA_Inversion_33,,Unknown,Unknown,,2.02,-150.77
1234,,2025-06-11 09:00:00,,,-1.0,-18.75,EMA_Inversion_33,,Unknown,Unknown,,2.02,-20.77
1236,,2025-06-11 09:15:00,,,1.0,15.0,EMA_Inversion_33,,Unknown,Unknown,,2.02,12.98
1238,,2025-06-11 12:15:00,,,-1.0,-53.75,SuperSignal_v6,,Unknown,Unknown,,2.02,-55.77
1240,,2025-06-11 14:00:00,,,-1.0,-78.75,SuperSignal_v6,,Unknown,Unknown,,2.02,-80.77
1242,,2025-06-12 08:45:00,,,-1.0,66.25,EMA_Inversion_33,,Unknown,Unknown,,2.02,64.23
1244,,2025-06-12 09:30:00,,,1.0,-6.25,EMA_Inversion_33,,Unknown,Unknown,,2.02,-8.27
1246,,2025-06-12 18:00:00,,,-1.0,142.5,SuperSignal_v6,,Unknown,Unknown,,2.02,140.48
1248,,2025-06-13 09:30:00,,,1.0,-120.0,EMA_Inversion_33,,Unknown,Unknown,,2.02,-122.02
1250,,2025-06-13 14:30:00,,,-1.0,-23.75,SuperSignal_v6,,Unknown,Unknown,,2.02,-25.77
1252,,2025-06-16 05:45:00,,,1.0,47.5,EMA_Inversion_33,,Unknown,Unknown,,2.02,45.48
1254,,2025-06-16 06:15:00,,,-1.0,21.25,EMA_Inversion_33,,Unknown,Unknown,,2.02,19.23
1256,,2025-06-17 03:15:00,,,1.0,0.0,EMA_Inversion_33,,Unknown,Unknown,,2.02,-2.02
1258,,2025-06-17 07:15:00,,,-1.0,3.75,EMA_Inversion_33,,Unknown,Unknown,,2.02,1.73
1260,,2025-06-17 09:30:00,,,1.0,-23.75,EMA_Inversion_33,,Unknown,Unknown,,2.02,-25.77
1262,,2025-06-17 13:00:00,,,-1.0,-15.0,SuperSignal_v6,,Unknown,Unknown,,2.02,-17.02
1264,,2025-06-17 14:00:00,,,1.0,75.0,SuperSignal_v6,,Unknown,Unknown,,2.02,72.98
1266,,2025-06-18 07:00:00,,,1.0,80.0,EMA_Inversion_33,,Unknown,Unknown,,2.02,77.98
1268,,2025-06-18 07:45:00,,,-1.0,56.25,EMA_Inversion_33,,Unknown,Unknown,,2.02,54.23
1270,,2025-06-18 08:45:00,,,1.0,15.0,EMA_Inversion_33,,Unknown,Unknown,,2.02,12.98
1272,,2025-06-18 09:30:00,,,-1.0,6.25,EMA_Inversion_33,,Unknown,Unknown,,2.02,4.23
1274,,2025-06-19 03:15:00,,,1.0,156.25,EMA_Inversion_33,,Unknown,Unknown,,2.02,154.23
1276,,2025-06-19 03:30:00,,,-1.0,-33.75,EMA_Inversion_33,,Unknown,Unknown,,2.02,-35.77
1278,,2025-06-19 03:45:00,,,1.0,10.0,EMA_Inversion_33,,Unknown,Unknown,,2.02,7.98
1280,,2025-06-20 03:30:00,,,-1.0,96.25,EMA_Inversion_33,,Unknown,Unknown,,2.02,94.23
1282,,2025-06-20 04:45:00,,,1.0,23.75,EMA_Inversion_33,,Unknown,Unknown,,2.02,21.73
1284,,2025-06-20 07:45:00,,,-1.0,102.5,EMA_Inversion_33,,Unknown,Unknown,,2.02,100.48
1286,,2025-06-20 11:00:00,,,1.0,122.5,SuperSignal_v6,,Unknown,Unknown,,2.02,120.48
1288,,2025-06-20 16:15:00,,,1.0,-30.0,SuperSignal_v6,,Unknown,Unknown,,2.02,-32.02
1290,,2025-06-23 07:15:00,,,1.0,38.75,EMA_Inversion_33,,Unknown,Unknown,,2.02,36.73
1292,,2025-06-23 08:15:00,,,-1.0,7.5,EMA_Inversion_33,,Unknown,Unknown,,2.02,5.48
1294,,2025-06-23 08:30:00,,,1.0,11.25,EMA_Inversion_33,,Unknown,Unknown,,2.02,9.23
1296,,2025-06-23 09:00:00,,,-1.0,58.75,EMA_Inversion_33,,Unknown,Unknown,,2.02,56.73
1298,,2025-06-24 07:00:00,,,1.0,-481.25,EMA_Inversion_33,,Unknown,Unknown,,2.02,-483.27
1300,,2025-06-24 09:30:00,,,-1.0,-23.75,EMA_Inversion_33,,Unknown,Unknown,,2.02,-25.77
1302,,2025-06-25 04:30:00,,,1.0,-131.25,EMA_Inversion_33,,Unknown,Unknown,,2.02,-133.27
1304,,2025-06-25 07:45:00,,,-1.0,35.0,EMA_Inversion_33,,Unknown,Unknown,,2.02,32.98
1306,,2025-06-25 11:00:00,,,1.0,-37.5,SuperSignal_v6,,Unknown,Unknown,,2.02,-39.52
1308,,2025-06-25 15:15:00,,,1.0,-3.75,SuperSignal_v6,,Unknown,Unknown,,2.02,-5.77
1310,,2025-06-27 09:15:00,,,1.0,-216.25,EMA_Inversion_33,,Unknown,Unknown,,2.02,-218.27
1312,,2025-06-27 09:30:00,,,-1.0,-5.0,EMA_Inversion_33,,Unknown,Unknown,,2.02,-7.02
1314,,2025-06-27 16:00:00,,,1.0,-73.75,SuperSignal_v6,,Unknown,Unknown,,2.02,-75.77
1316,,2025-06-30 08:45:00,,,1.0,23.75,EMA_Inversion_33,,Unknown,Unknown,,2.02,21.73
1318,,2025-06-30 18:00:00,,,-1.0,2.5,SuperSignal_v6,,Unknown,Unknown,,2.02,0.48
1320,,2025-07-01 11:00:00,,,-1.0,-37.5,SuperSignal_v6,,Unknown,Unknown,,2.02,-39.52
1322,,2025-07-01 11:30:00,,,1.0,-88.75,SuperSignal_v6,,Unknown,Unknown,,2.02,-90.77
1324,,2025-07-01 16:15:00,,,-1.0,20.0,SuperSignal_v6,,Unknown,Unknown,,2.02,17.98
1326,,2025-07-02 08:00:00,,,-1.0,-28.75,EMA_Inversion_33,,Unknown,Unknown,,2.02,-30.77
1328,,2025-07-02 08:45:00,,,1.0,61.25,EMA_Inversion_33,,Unknown,Unknown,,2.02,59.23
1330,,2025-07-02 10:45:00,,,-1.0,126.25,SuperSignal_v6,,Unknown,Unknown,,2.02,124.23
1332,,2025-07-03 05:00:00,,,1.0,43.75,EMA_Inversion_33,,Unknown,Unknown,,2.02,41.73
1334,,2025-07-03 08:00:00,,,-1.0,31.25,EMA_Inversion_33,,Unknown,Unknown,,2.02,29.23
1336,,2025-07-03 08:45:00,,,1.0,-37.5,EMA_Inversion_33,,Unknown,Unknown,,2.02,-39.52
1338,,2025-07-03 09:00:00,,,-1.0,-15.0,EMA_Inversion_33,,Unknown,Unknown,,2.02,-17.02
1340,,2025-07-03 09:15:00,,,1.0,-22.5,EMA_Inversion_33,,Unknown,Unknown,,2.02,-24.52
1342,,2025-07-03 09:30:00,,,-1.0,16.25,EMA_Inversion_33,,Unknown,Unknown,,2.02,14.23
1344,,2025-07-04 03:15:00,,,1.0,-25.0,EMA_Inversion_33,,Unknown,Unknown,,2.02,-27.02
1346,,2025-07-07 05:45:00,,,-1.0,7.5,EMA_Inversion_33,,Unknown,Unknown,,2.02,5.48
1348,,2025-07-07 09:00:00,,,1.0,-16.25,EMA_Inversion_33,,Unknown,Unknown,,2.02,-18.27
1350,,2025-07-07 10:15:00,,,-1.0,-35.0,Inversion_33_TimeGate_SOL,,Unknown,Unknown,,2.02,-37.02
1352,,2025-07-07 12:00:00,,,1.0,61.25,SuperSignal_v6,,Unknown,Unknown,,2.02,59.23
1354,,2025-07-07 18:00:00,,,1.0,8.75,SuperSignal_v6,,Unknown,Unknown,,2.02,6.73
1356,,2025-07-08 06:30:00,,,1.0,25.0,EMA_Inversion_33,,Unknown,Unknown,,2.02,22.98
1358,,2025-07-08 07:15:00,,,-1.0,31.25,EMA_Inversion_33,,Unknown,Unknown,,2.02,29.23
1360,,2025-07-08 10:45:00,,,1.0,17.5,SuperSignal_v6,,Unknown,Unknown,,2.02,15.48
1362,,2025-07-08 12:30:00,,,1.0,-66.25,SuperSignal_v6,,Unknown,Unknown,,2.02,-68.27
1364,,2025-07-08 18:00:00,,,1.0,-1.25,SuperSignal_v6,,Unknown,Unknown,,2.02,-3.27
1366,,2025-07-09 03:30:00,,,-1.0,-7.5,EMA_Inversion_33,,Unknown,Unknown,,2.02,-9.52
1368,,2025-07-09 09:30:00,,,1.0,-128.75,EMA_Inversion_33,,Unknown,Unknown,,2.02,-130.77
1370,,2025-07-10 04:15:00,,,-1.0,6.25,EMA_Inversion_33,,Unknown,Unknown,,2.02,4.23
1372,,2025-07-10 09:30:00,,,1.0,-55.0,EMA_Inversion_33,,Unknown,Unknown,,2.02,-57.02
1374,,2025-07-10 13:15:00,,,-1.0,100.0,SuperSignal_v6,,Unknown,Unknown,,2.02,97.98
1376,,2025-07-11 08:00:00,,,-1.0,-33.75,EMA_Inversion_33,,Unknown,Unknown,,2.02,-35.77
1378,,2025-07-11 08:30:00,,,1.0,22.5,EMA_Inversion_33,,Unknown,Unknown,,2.02,20.48
1380,,2025-07-11 15:15:00,,,-1.0,68.75,SuperSignal_v6,,Unknown,Unknown,,2.02,66.73
1382,,2025-07-11 16:15:00,,,-1.0,-53.75,SuperSignal_v6,,Unknown,Unknown,,2.02,-55.77
1384,,2025-07-14 04:00:00,,,-1.0,62.5,EMA_Inversion_33,,Unknown,Unknown,,2.02,60.48
1386,,2025-07-14 09:30:00,,,1.0,-88.75,EMA_Inversion_33,,Unknown,Unknown,,2.02,-90.77
1388,,2025-07-14 18:00:00,,,-1.0,75.0,SuperSignal_v6,,Unknown,Unknown,,2.02,72.98
1390,,2025-07-15 08:30:00,,,1.0,15.0,EMA_Inversion_33,,Unknown,Unknown,,2.02,12.98
1392,,2025-07-15 09:15:00,,,-1.0,47.5,EMA_Inversion_33,,Unknown,Unknown,,2.02,45.48
1394,,2025-07-15 11:00:00,,,1.0,181.25,SuperSignal_v6,,Unknown,Unknown,,2.02,179.23
1396,,2025-07-15 15:00:00,,,1.0,46.25,SuperSignal_v6,,Unknown,Unknown,,2.02,44.23
1398,,2025-07-16 09:30:00,,,1.0,-88.75,EMA_Inversion_33,,Unknown,Unknown,,2.02,-90.77
1400,,2025-07-16 18:00:00,,,-1.0,5.0,SuperSignal_v6,,Unknown,Unknown,,2.02,2.98
1402,,2025-07-17 07:45:00,,,1.0,42.5,EMA_Inversion_33,,Unknown,Unknown,,2.02,40.48
1404,,2025-07-17 09:00:00,,,-1.0,71.25,EMA_Inversion_33,,Unknown,Unknown,,2.02,69.23
1406,,2025-07-18 04:00:00,,,1.0,-158.75,EMA_Inversion_33,,Unknown,Unknown,,2.02,-160.77
1408,,2025-07-18 09:15:00,,,-1.0,28.75,EMA_Inversion_33,,Unknown,Unknown,,2.02,26.73
1410,,2025-07-18 09:30:00,,,1.0,-1.25,EMA_Inversion_33,,Unknown,Unknown,,2.02,-3.27
1412,,2025-07-21 03:15:00,,,-1.0,-10.0,EMA_Inversion_33,,Unknown,Unknown,,2.02,-12.02
1414,,2025-07-21 08:45:00,,,1.0,15.0,EMA_Inversion_33,,Unknown,Unknown,,2.02,12.98
1416,,2025-07-21 11:45:00,,,-1.0,131.25,SuperSignal_v6,,Unknown,Unknown,,2.02,129.23
1418,,2025-07-21 14:45:00,,,-1.0,-10.0,SuperSignal_v6,,Unknown,Unknown,,2.02,-12.02
1420,,2025-07-22 08:00:00,,,-1.0,42.5,EMA_Inversion_33,,Unknown,Unknown,,2.02,40.48
1422,,2025-07-22 09:30:00,,,1.0,-7.5,EMA_Inversion_33,,Unknown,Unknown,,2.02,-9.52
1424,,2025-07-22 18:00:00,,,-1.0,-2.5,SuperSignal_v6,,Unknown,Unknown,,2.02,-4.52
1426,,2025-07-23 12:00:00,,,1.0,-36.25,SuperSignal_v6,,Unknown,Unknown,,2.02,-38.27
1428,,2025-07-24 03:30:00,,,1.0,30.0,EMA_Inversion_33,,Unknown,Unknown,,2.02,27.98
1430,,2025-07-24 05:30:00,,,-1.0,35.0,EMA_Inversion_33,,Unknown,Unknown,,2.02,32.98
1432,,2025-07-24 09:15:00,,,1.0,27.5,EMA_Inversion_33,,Unknown,Unknown,,2.02,25.48
1434,,2025-07-24 11:00:00,,,-1.0,73.75,Inversion_33_TimeGate_SOL,,Unknown,Unknown,,2.02,71.73
1435,,2025-07-24 13:15:00,,,-1.0,-50.0,SuperSignal_v6,,Unknown,Unknown,,2.02,-52.02
1438,,2025-07-24 16:00:00,,,-1.0,-41.25,SuperSignal_v6,,Unknown,Unknown,,2.02,-43.27
1440,,2025-07-25 09:30:00,,,-1.0,-5.0,EMA_Inversion_33,,Unknown,Unknown,,2.02,-7.02
1442,,2025-07-28 03:30:00,,,1.0,-212.5,EMA_Inversion_33,,Unknown,Unknown,,2.02,-214.52
1444,,2025-07-28 09:30:00,,,-1.0,-93.75,EMA_Inversion_33,,Unknown,Unknown,,2.02,-95.77
1446,,2025-07-28 11:45:00,,,1.0,12.5,Inversion_33_TimeGate_SOL,,Unknown,Unknown,,2.02,10.48
1447,,2025-07-28 13:00:00,,,1.0,0.0,Inversion_33_TimeGate_SOL,,Unknown,Unknown,,2.02,-2.02
1450,,2025-07-29 09:00:00,,,1.0,-7.5,EMA_Inversion_33,,Unknown,Unknown,,2.02,-9.52
1452,,2025-07-29 10:00:00,,,-1.0,-7.5,Inversion_33_TimeGate_SOL,,Unknown,Unknown,,2.02,-9.52
1454,,2025-07-29 11:00:00,,,1.0,37.5,SuperSignal_v6,,Unknown,Unknown,,2.02,35.48
1456,,2025-07-29 18:00:00,,,1.0,10.0,SuperSignal_v6,,Unknown,Unknown,,2.02,7.98
1458,,2025-07-30 07:00:00,,,-1.0,30.0,EMA_Inversion_33,,Unknown,Unknown,,2.02,27.98
1460,,2025-07-30 09:00:00,,,1.0,16.25,EMA_Inversion_33,,Unknown,Unknown,,2.02,14.23
1462,,2025-07-30 11:00:00,,,-1.0,18.75,Inversion_33_TimeGate_SOL,,Unknown,Unknown,,2.02,16.73
1464,,2025-07-30 12:00:00,,,1.0,-51.25,SuperSignal_v6,,Unknown,Unknown,,2.02,-53.27
1465,,2025-07-30 13:45:00,,,-1.0,-33.75,SuperSignal_v6,,Unknown,Unknown,,2.02,-35.77
1467,,2025-07-30 14:30:00,,,-1.0,0.0,Inversion_33_TimeGate_SOL,,Unknown,Unknown,,2.02,-2.02
1470,,2025-07-30 16:15:00,,,1.0,-107.5,SuperSignal_v6,,Unknown,Unknown,,2.02,-109.52
1472,,2025-07-31 07:00:00,,,1.0,46.25,EMA_Inversion_33,,Unknown,Unknown,,2.02,44.23
1474,,2025-07-31 09:30:00,,,-1.0,-25.0,EMA_Inversion_33,,Unknown,Unknown,,2.02,-27.02
1476,,2025-07-31 13:30:00,,,1.0,175.0,SuperSignal_v6,,Unknown,Unknown,,2.02,172.98
1478,,2025-08-01 08:45:00,,,-1.0,-82.5,EMA_Inversion_33,,Unknown,Unknown,,2.02,-84.52
1480,,2025-08-01 09:00:00,,,1.0,90.0,EMA_Inversion_33,,Unknown,Unknown,,2.02,87.98
1482,,2025-08-01 11:30:00,,,-1.0,-221.25,Inversion_33_TimeGate_SOL,,Unknown,Unknown,,2.02,-223.27
1483,,2025-08-01 13:00:00,,,1.0,-113.75,SuperSignal_v6,,Unknown,Unknown,,2.02,-115.77
1486,,2025-08-03 18:00:00,,,1.0,-13.75,SuperSignal_v6,,Unknown,Unknown,,2.02,-15.77
1488,,2025-08-04 09:30:00,,,1.0,-50.0,EMA_Inversion_33,,Unknown,Unknown,,2.02,-52.02
1490,,2025-08-04 13:00:00,,,-1.0,233.75,SuperSignal_v6,,Unknown,Unknown,,2.02,231.73
1492,,2025-08-04 16:00:00,,,-1.0,40.0,SuperSignal_v6,,Unknown,Unknown,,2.02,37.98
1494,,2025-08-05 06:45:00,,,-1.0,47.5,EMA_Inversion_33,,Unknown,Unknown,,2.02,45.48
1496,,2025-08-05 09:00:00,,,1.0,36.25,EMA_Inversion_33,,Unknown,Unknown,,2.02,34.23
1498,,2025-08-06 03:15:00,,,-1.0,-35.0,EMA_Inversion_33,,Unknown,Unknown,,2.02,-37.02
1500,,2025-08-06 04:45:00,,,1.0,61.25,EMA_Inversion_33,,Unknown,Unknown,,2.02,59.23
1502,,2025-08-06 09:30:00,,,-1.0,-48.75,EMA_Inversion_33,,Unknown,Unknown,,2.02,-50.77
1504,,2025-08-07 07:00:00,,,1.0,-388.75,EMA_Inversion_33,,Unknown,Unknown,,2.02,-390.77
1506,,2025-08-07 07:30:00,,,-1.0,1.25,EMA_Inversion_33,,Unknown,Unknown,,2.02,-0.77
1508,,2025-08-07 09:45:00,,,1.0,32.5,Inversion_33_TimeGate_SOL,,Unknown,Unknown,,2.02,30.48
1510,,2025-08-07 11:00:00,,,1.0,82.5,SuperSignal_v6,,Unknown,Unknown,,2.02,80.48
1512,,2025-08-07 16:00:00,,,1.0,-78.75,SuperSignal_v6,,Unknown,Unknown,,2.02,-80.77
1514,,2025-08-08 04:30:00,,,-1.0,23.75,EMA_Inversion_33,,Unknown,Unknown,,2.02,21.73
1516,,2025-08-08 09:00:00,,,1.0,11.25,EMA_Inversion_33,,Unknown,Unknown,,2.02,9.23
1518,,2025-08-08 10:45:00,,,-1.0,162.5,SuperSignal_v6,,Unknown,Unknown,,2.02,160.48
1520,,2025-08-08 16:15:00,,,-1.0,72.5,SuperSignal_v6,,Unknown,Unknown,,2.02,70.48
1522,,2025-08-11 07:00:00,,,-1.0,36.25,EMA_Inversion_33,,Unknown,Unknown,,2.02,34.23
1524,,2025-08-11 09:30:00,,,1.0,27.5,EMA_Inversion_33,,Unknown,Unknown,,2.02,25.48
1526,,2025-08-11 12:15:00,,,-1.0,67.5,SuperSignal_v6,,Unknown,Unknown,,2.02,65.48
1528,,2025-08-11 15:00:00,,,1.0,58.75,SuperSignal_v6,,Unknown,Unknown,,2.02,56.73
1530,,2025-08-12 05:15:00,,,1.0,37.5,EMA_Inversion_33,,Unknown,Unknown,,2.02,35.48
1532,,2025-08-12 08:45:00,,,-1.0,158.75,EMA_Inversion_33,,Unknown,Unknown,,2.02,156.73
1534,,2025-08-12 09:15:00,,,1.0,51.25,EMA_Inversion_33,,Unknown,Unknown,,2.02,49.23
1536,,2025-08-12 09:30:00,,,-1.0,0.0,EMA_Inversion_33,,Unknown,Unknown,,2.02,-2.02
1538,,2025-08-13 09:30:00,,,1.0,-330.0,EMA_Inversion_33,,Unknown,Unknown,,2.02,-332.02
1540,,2025-08-13 10:15:00,,,-1.0,-3.75,SuperSignal_v6,,Unknown,Unknown,,2.02,-5.77
1542,,2025-08-13 11:30:00,,,1.0,55.0,SuperSignal_v6,,Unknown,Unknown,,2.02,52.98
1544,,2025-08-13 14:15:00,,,1.0,-30.0,SuperSignal_v6,,Unknown,Unknown,,2.02,-32.02
1546,,2025-08-14 05:00:00,,,1.0,11.25,Inversion_33_TimeGate_SOL,,Unknown,Unknown,,2.02,9.23
1547,,2025-08-14 05:15:00,,,1.0,0.0,Inversion_33_TimeGate_SOL,,Unknown,Unknown,,2.02,-2.02
