Id,EntryTime,ExitTime,EntryPrice,ExitPrice,Qty,TradePL,BaseStrategy,EntrySide,ExitSide,ExitReason,HoldMins,Commission,NetPL,GrossPL,Direction,Session
2,,2024-12-16 08:45:00,,,-1.0,58.75,SuperSignal_v7_PreMarket45_43,Sell to Close,Sell to Close,Close,,4.04,54.71,58.75,Unknown,Unknown
4,,2024-12-17 08:15:00,,,-1.0,-56.25,SuperSignal_v7_PreMarket45_43,Sell to Close,Sell to Close,Close,,4.04,-60.29,-56.25,Unknown,Unknown
6,,2024-12-18 09:00:00,,,-1.0,-30.0,SuperSignal_v7_PreMarket45_43,Sell to Close,Sell to Close,Close,,4.04,-34.04,-30.0,Unknown,Unknown
8,,2024-12-18 10:45:00,,,1.0,-97.5,SuperSignal_v7_PreMarket45_43,Buy to Close,Buy to Close,Close,,4.04,-101.54,-97.5,Unknown,Unknown
10,,2024-12-19 08:00:00,,,-1.0,103.75,SuperSignal_v7_PreMarket45_43,Sell to Close,Sell to Close,Close,,4.04,99.71,103.75,Unknown,Unknown
12,,2024-12-20 08:45:00,,,1.0,-125.0,SuperSignal_v7_PreMarket45_43,Buy to Close,Buy to Close,Close,,4.04,-129.04,-125.0,Unknown,Unknown
14,,2024-12-23 07:00:00,,,1.0,95.0,SuperSignal_v7_PreMarket45_43,Buy to Close,Buy to Close,Close,,4.04,90.96,95.0,Unknown,Unknown
16,,2024-12-23 10:00:00,,,1.0,108.75,SuperSignal_v7_PreMarket45_43,Buy to Close,Buy to Close,Close,,4.04,104.71,108.75,Unknown,Unknown
18,,2024-12-24 09:45:00,,,-1.0,62.5,SuperSignal_v7_PreMarket45_43,Sell to Close,Sell to Close,Close,,4.04,58.46,62.5,Unknown,Unknown
20,,2024-12-26 11:45:00,,,1.0,-90.0,SuperSignal_v7_PreMarket45_43,Buy to Close,Buy to Close,Close,,4.04,-94.04,-90.0,Unknown,Unknown
22,,2024-12-27 09:45:00,,,1.0,81.25,SuperSignal_v7_PreMarket45_43,Buy to Close,Buy to Close,Close,,4.04,77.21,81.25,Unknown,Unknown
24,,2024-12-30 09:00:00,,,1.0,151.25,SuperSignal_v7_PreMarket45_43,Buy to Close,Buy to Close,Close,,4.04,147.21,151.25,Unknown,Unknown
26,,2024-12-31 10:15:00,,,-1.0,-63.75,SuperSignal_v7_PreMarket45_43,Sell to Close,Sell to Close,Close,,4.04,-67.79,-63.75,Unknown,Unknown
28,,2025-01-02 09:45:00,,,-1.0,-133.75,SuperSignal_v7_PreMarket45_43,Sell to Close,Sell to Close,Close,,4.04,-137.79,-133.75,Unknown,Unknown
30,,2025-01-03 11:15:00,,,-1.0,107.5,SuperSignal_v7_PreMarket45_43,Sell to Close,Sell to Close,Close,,4.04,103.46,107.5,Unknown,Unknown
32,,2025-01-06 06:30:00,,,-1.0,81.25,SuperSignal_v7_PreMarket45_43,Sell to Close,Sell to Close,Close,,4.04,77.21,81.25,Unknown,Unknown
34,,2025-01-07 10:15:00,,,-1.0,-100.0,SuperSignal_v7_PreMarket45_43,Sell to Close,Sell to Close,Close,,4.04,-104.04,-100.0,Unknown,Unknown
36,,2025-01-08 18:00:00,,,1.0,-60.0,SuperSignal_v7_PreMarket45_43,Buy to Close,Buy to Close,Close,,4.04,-64.04,-60.0,Unknown,Unknown
38,,2025-01-10 08:45:00,,,-1.0,-112.5,SuperSignal_v7_PreMarket45_43,Sell to Close,Sell to Close,Close,,4.04,-116.54,-112.5,Unknown,Unknown
40,,2025-01-13 11:00:00,,,1.0,-192.5,SuperSignal_v7_PreMarket45_43,Buy to Close,Buy to Close,Close,,4.04,-196.54,-192.5,Unknown,Unknown
42,,2025-01-14 08:45:00,,,1.0,-102.5,SuperSignal_v7_PreMarket45_43,Buy to Close,Buy to Close,Close,,4.04,-106.54,-102.5,Unknown,Unknown
44,,2025-01-15 07:00:00,,,-1.0,70.0,SuperSignal_v7_PreMarket45_43,Sell to Close,Sell to Close,Close,,4.04,65.96,70.0,Unknown,Unknown
46,,2025-01-16 10:15:00,,,1.0,92.5,SuperSignal_v7_PreMarket45_43,Buy to Close,Buy to Close,Close,,4.04,88.46,92.5,Unknown,Unknown
48,,2025-01-17 08:15:00,,,-1.0,80.0,SuperSignal_v7_PreMarket45_43,Sell to Close,Sell to Close,Close,,4.04,75.96,80.0,Unknown,Unknown
50,,2025-01-20 08:45:00,,,1.0,-66.25,SuperSignal_v7_PreMarket45_43,Buy to Close,Buy to Close,Close,,4.04,-70.29,-66.25,Unknown,Unknown
52,,2025-01-20 20:00:00,,,-1.0,-185.0,SuperSignal_v7_PreMarket45_43,Sell to Close,Sell to Close,Close,,4.04,-189.04,-185.0,Unknown,Unknown
54,,2025-01-21 10:15:00,,,-1.0,-78.75,SuperSignal_v7_PreMarket45_43,Sell to Close,Sell to Close,Close,,4.04,-82.79,-78.75,Unknown,Unknown
56,,2025-01-22 10:15:00,,,-1.0,57.5,SuperSignal_v7_PreMarket45_43,Sell to Close,Sell to Close,Close,,4.04,53.46,57.5,Unknown,Unknown
58,,2025-01-23 11:15:00,,,-1.0,66.25,SuperSignal_v7_PreMarket45_43,Sell to Close,Sell to Close,Close,,4.04,62.21,66.25,Unknown,Unknown
60,,2025-01-24 09:45:00,,,1.0,-78.75,SuperSignal_v7_PreMarket45_43,Buy to Close,Buy to Close,Close,,4.04,-82.79,-78.75,Unknown,Unknown
62,,2025-01-27 06:00:00,,,1.0,193.75,SuperSignal_v7_PreMarket45_43,Buy to Close,Buy to Close,Close,,4.04,189.71,193.75,Unknown,Unknown
64,,2025-01-27 10:00:00,,,1.0,-190.0,SuperSignal_v7_PreMarket45_43,Buy to Close,Buy to Close,Close,,4.04,-194.04,-190.0,Unknown,Unknown
66,,2025-01-28 10:00:00,,,-1.0,-156.25,SuperSignal_v7_PreMarket45_43,Sell to Close,Sell to Close,Close,,4.04,-160.29,-156.25,Unknown,Unknown
68,,2025-01-29 08:30:00,,,1.0,72.5,SuperSignal_v7_PreMarket45_43,Buy to Close,Buy to Close,Close,,4.04,68.46,72.5,Unknown,Unknown
70,,2025-01-30 10:00:00,,,1.0,-132.5,SuperSignal_v7_PreMarket45_43,Buy to Close,Buy to Close,Close,,4.04,-136.54,-132.5,Unknown,Unknown
72,,2025-01-31 09:15:00,,,-1.0,-55.0,SuperSignal_v7_PreMarket45_43,Sell to Close,Sell to Close,Close,,4.04,-59.04,-55.0,Unknown,Unknown
74,,2025-02-04 10:15:00,,,-1.0,126.25,SuperSignal_v7_PreMarket45_43,Sell to Close,Sell to Close,Close,,4.04,122.21,126.25,Unknown,Unknown
76,,2025-02-05 12:00:00,,,-1.0,103.75,SuperSignal_v7_PreMarket45_43,Sell to Close,Sell to Close,Close,,4.04,99.71,103.75,Unknown,Unknown
78,,2025-02-06 09:30:00,,,1.0,-76.25,SuperSignal_v7_PreMarket45_43,Buy to Close,Buy to Close,Close,,4.04,-80.29,-76.25,Unknown,Unknown
80,,2025-02-10 09:45:00,,,-1.0,-17.5,SuperSignal_v7_PreMarket45_43,Sell to Close,Sell to Close,Close,,4.04,-21.54,-17.5,Unknown,Unknown
82,,2025-02-11 10:15:00,,,1.0,-100.0,SuperSignal_v7_PreMarket45_43,Buy to Close,Buy to Close,Close,,4.04,-104.04,-100.0,Unknown,Unknown
84,,2025-02-12 08:15:00,,,1.0,-72.5,SuperSignal_v7_PreMarket45_43,Buy to Close,Buy to Close,Close,,4.04,-76.54,-72.5,Unknown,Unknown
86,,2025-02-12 18:00:00,,,1.0,-246.25,SuperSignal_v7_PreMarket45_43,Buy to Close,Buy to Close,Close,,4.04,-250.29,-246.25,Unknown,Unknown
88,,2025-02-13 10:45:00,,,-1.0,147.5,SuperSignal_v7_PreMarket45_43,Sell to Close,Sell to Close,Close,,4.04,143.46,147.5,Unknown,Unknown
90,,2025-02-14 10:15:00,,,1.0,-70.0,SuperSignal_v7_PreMarket45_43,Buy to Close,Buy to Close,Close,,4.04,-74.04,-70.0,Unknown,Unknown
92,,2025-02-17 09:45:00,,,-1.0,-38.75,SuperSignal_v7_PreMarket45_43,Sell to Close,Sell to Close,Close,,4.04,-42.79,-38.75,Unknown,Unknown
94,,2025-02-18 14:15:00,,,1.0,90.0,SuperSignal_v7_PreMarket45_43,Buy to Close,Buy to Close,Close,,4.04,85.96,90.0,Unknown,Unknown
96,,2025-02-19 14:15:00,,,1.0,-63.75,SuperSignal_v7_PreMarket45_43,Buy to Close,Buy to Close,Close,,4.04,-67.79,-63.75,Unknown,Unknown
98,,2025-02-20 07:00:00,,,-1.0,-46.25,SuperSignal_v7_PreMarket45_43,Sell to Close,Sell to Close,Close,,4.04,-50.29,-46.25,Unknown,Unknown
100,,2025-02-21 09:45:00,,,-1.0,-48.75,SuperSignal_v7_PreMarket45_43,Sell to Close,Sell to Close,Close,,4.04,-52.79,-48.75,Unknown,Unknown
102,,2025-02-24 09:45:00,,,-1.0,-110.0,SuperSignal_v7_PreMarket45_43,Sell to Close,Sell to Close,Close,,4.04,-114.04,-110.0,Unknown,Unknown
104,,2025-02-25 10:00:00,,,-1.0,-130.0,SuperSignal_v7_PreMarket45_43,Sell to Close,Sell to Close,Close,,4.04,-134.04,-130.0,Unknown,Unknown
106,,2025-02-26 09:45:00,,,-1.0,-81.25,SuperSignal_v7_PreMarket45_43,Sell to Close,Sell to Close,Close,,4.04,-85.29,-81.25,Unknown,Unknown
108,,2025-02-27 09:00:00,,,-1.0,-92.5,SuperSignal_v7_PreMarket45_43,Sell to Close,Sell to Close,Close,,4.04,-96.54,-92.5,Unknown,Unknown
110,,2025-02-28 08:30:00,,,-1.0,-83.75,SuperSignal_v7_PreMarket45_43,Sell to Close,Sell to Close,Close,,4.04,-87.79,-83.75,Unknown,Unknown
112,,2025-03-03 09:45:00,,,-1.0,-102.5,SuperSignal_v7_PreMarket45_43,Sell to Close,Sell to Close,Close,,4.04,-106.54,-102.5,Unknown,Unknown
114,,2025-03-04 09:45:00,,,1.0,166.25,SuperSignal_v7_PreMarket45_43,Buy to Close,Buy to Close,Close,,4.04,162.21,166.25,Unknown,Unknown
116,,2025-03-05 11:15:00,,,1.0,200.0,SuperSignal_v7_PreMarket45_43,Buy to Close,Buy to Close,Close,,4.04,195.96,200.0,Unknown,Unknown
118,,2025-03-06 09:45:00,,,1.0,170.0,SuperSignal_v7_PreMarket45_43,Buy to Close,Buy to Close,Close,,4.04,165.96,170.0,Unknown,Unknown
120,,2025-03-07 08:30:00,,,-1.0,-173.75,SuperSignal_v7_PreMarket45_43,Sell to Close,Sell to Close,Close,,4.04,-177.79,-173.75,Unknown,Unknown
122,,2025-03-10 10:15:00,,,1.0,292.5,SuperSignal_v7_PreMarket45_43,Buy to Close,Buy to Close,Close,,4.04,288.46,292.5,Unknown,Unknown
124,,2025-03-11 09:00:00,,,-1.0,-106.25,SuperSignal_v7_PreMarket45_43,Sell to Close,Sell to Close,Close,,4.04,-110.29,-106.25,Unknown,Unknown
126,,2025-03-12 08:45:00,,,-1.0,257.5,SuperSignal_v7_PreMarket45_43,Sell to Close,Sell to Close,Close,,4.04,253.46,257.5,Unknown,Unknown
128,,2025-03-13 11:45:00,,,-1.0,-306.25,SuperSignal_v7_PreMarket45_43,Sell to Close,Sell to Close,Close,,4.04,-310.29,-306.25,Unknown,Unknown
130,,2025-03-14 11:00:00,,,-1.0,216.25,SuperSignal_v7_PreMarket45_43,Sell to Close,Sell to Close,Close,,4.04,212.21,216.25,Unknown,Unknown
132,,2025-03-17 14:15:00,,,-1.0,365.0,SuperSignal_v7_PreMarket45_43,Sell to Close,Sell to Close,Close,,4.04,360.96,365.0,Unknown,Unknown
134,,2025-03-18 06:30:00,,,-1.0,-88.75,SuperSignal_v7_PreMarket45_43,Sell to Close,Sell to Close,Close,,4.04,-92.79,-88.75,Unknown,Unknown
136,,2025-03-18 10:00:00,,,1.0,170.0,SuperSignal_v7_PreMarket45_43,Buy to Close,Buy to Close,Close,,4.04,165.96,170.0,Unknown,Unknown
138,,2025-03-19 10:15:00,,,-1.0,150.0,SuperSignal_v7_PreMarket45_43,Sell to Close,Sell to Close,Close,,4.04,145.96,150.0,Unknown,Unknown
140,,2025-03-20 06:15:00,,,1.0,97.5,SuperSignal_v7_PreMarket45_43,Buy to Close,Buy to Close,Close,,4.04,93.46,97.5,Unknown,Unknown
142,,2025-03-20 10:15:00,,,1.0,-143.75,SuperSignal_v7_PreMarket45_43,Buy to Close,Buy to Close,Close,,4.04,-147.79,-143.75,Unknown,Unknown
144,,2025-03-21 08:45:00,,,1.0,98.75,SuperSignal_v7_PreMarket45_43,Buy to Close,Buy to Close,Close,,4.04,94.71,98.75,Unknown,Unknown
146,,2025-03-24 10:00:00,,,-1.0,128.75,SuperSignal_v7_PreMarket45_43,Sell to Close,Sell to Close,Close,,4.04,124.71,128.75,Unknown,Unknown
148,,2025-03-25 07:00:00,,,1.0,-65.0,SuperSignal_v7_PreMarket45_43,Buy to Close,Buy to Close,Close,,4.04,-69.04,-65.0,Unknown,Unknown
150,,2025-03-26 10:30:00,,,1.0,88.75,SuperSignal_v7_PreMarket45_43,Buy to Close,Buy to Close,Close,,4.04,84.71,88.75,Unknown,Unknown
152,,2025-03-27 09:45:00,,,1.0,130.0,SuperSignal_v7_PreMarket45_43,Buy to Close,Buy to Close,Close,,4.04,125.96,130.0,Unknown,Unknown
154,,2025-03-28 10:15:00,,,1.0,162.5,SuperSignal_v7_PreMarket45_43,Buy to Close,Buy to Close,Close,,4.04,158.46,162.5,Unknown,Unknown
156,,2025-03-31 11:30:00,,,1.0,-150.0,SuperSignal_v7_PreMarket45_43,Buy to Close,Buy to Close,Close,,4.04,-154.04,-150.0,Unknown,Unknown
158,,2025-04-01 10:30:00,,,1.0,167.5,SuperSignal_v7_PreMarket45_43,Buy to Close,Buy to Close,Close,,4.04,163.46,167.5,Unknown,Unknown
160,,2025-04-02 08:30:00,,,1.0,151.25,SuperSignal_v7_PreMarket45_43,Buy to Close,Buy to Close,Close,,4.04,147.21,151.25,Unknown,Unknown
162,,2025-04-03 15:30:00,,,1.0,345.0,SuperSignal_v7_PreMarket45_43,Buy to Close,Buy to Close,Close,,4.04,340.96,345.0,Unknown,Unknown
164,,2025-04-04 06:30:00,,,1.0,276.25,SuperSignal_v7_PreMarket45_43,Buy to Close,Buy to Close,Close,,4.04,272.21,276.25,Unknown,Unknown
166,,2025-04-04 11:00:00,,,1.0,542.5,SuperSignal_v7_PreMarket45_43,Buy to Close,Buy to Close,Close,,4.04,538.46,542.5,Unknown,Unknown
168,,2025-04-07 10:15:00,,,-1.0,1248.75,SuperSignal_v7_PreMarket45_43,Sell to Close,Sell to Close,Close,,4.04,1244.71,1248.75,Unknown,Unknown
170,,2025-04-08 10:15:00,,,-1.0,380.0,SuperSignal_v7_PreMarket45_43,Sell to Close,Sell to Close,Close,,4.04,375.96,380.0,Unknown,Unknown
172,,2025-04-09 10:15:00,,,1.0,-835.0,SuperSignal_v7_PreMarket45_43,Buy to Close,Buy to Close,Close,,4.04,-839.04,-835.0,Unknown,Unknown
174,,2025-04-11 13:15:00,,,1.0,-481.25,SuperSignal_v7_PreMarket45_43,Buy to Close,Buy to Close,Close,,4.04,-485.29,-481.25,Unknown,Unknown
176,,2025-04-14 11:45:00,,,-1.0,-256.25,SuperSignal_v7_PreMarket45_43,Sell to Close,Sell to Close,Close,,4.04,-260.29,-256.25,Unknown,Unknown
178,,2025-04-15 09:45:00,,,1.0,-222.5,SuperSignal_v7_PreMarket45_43,Buy to Close,Buy to Close,Close,,4.04,-226.54,-222.5,Unknown,Unknown
180,,2025-04-16 04:30:00,,,1.0,-171.25,SuperSignal_v7_PreMarket45_43,Buy to Close,Buy to Close,Close,,4.04,-175.29,-171.25,Unknown,Unknown
182,,2025-04-16 10:15:00,,,-1.0,-196.25,SuperSignal_v7_PreMarket45_43,Sell to Close,Sell to Close,Close,,4.04,-200.29,-196.25,Unknown,Unknown
184,,2025-04-20 18:00:00,,,1.0,52.5,SuperSignal_v7_PreMarket45_43,Buy to Close,Buy to Close,Close,,4.04,48.46,52.5,Unknown,Unknown
186,,2025-04-21 10:00:00,,,1.0,117.5,SuperSignal_v7_PreMarket45_43,Buy to Close,Buy to Close,Close,,4.04,113.46,117.5,Unknown,Unknown
188,,2025-04-23 09:45:00,,,-1.0,218.75,SuperSignal_v7_PreMarket45_43,Sell to Close,Sell to Close,Close,,4.04,214.71,218.75,Unknown,Unknown
190,,2025-04-24 07:00:00,,,1.0,-208.75,SuperSignal_v7_PreMarket45_43,Buy to Close,Buy to Close,Close,,4.04,-212.79,-208.75,Unknown,Unknown
192,,2025-04-24 10:30:00,,,-1.0,235.0,SuperSignal_v7_PreMarket45_43,Sell to Close,Sell to Close,Close,,4.04,230.96,235.0,Unknown,Unknown
194,,2025-04-25 16:45:00,,,1.0,-246.25,SuperSignal_v7_PreMarket45_43,Buy to Close,Buy to Close,Close,,4.04,-250.29,-246.25,Unknown,Unknown
196,,2025-04-28 10:00:00,,,-1.0,137.5,SuperSignal_v7_PreMarket45_43,Sell to Close,Sell to Close,Close,,4.04,133.46,137.5,Unknown,Unknown
198,,2025-04-29 11:00:00,,,1.0,-125.0,SuperSignal_v7_PreMarket45_43,Buy to Close,Buy to Close,Close,,4.04,-129.04,-125.0,Unknown,Unknown
200,,2025-04-30 08:45:00,,,1.0,133.75,SuperSignal_v7_PreMarket45_43,Buy to Close,Buy to Close,Close,,4.04,129.71,133.75,Unknown,Unknown
202,,2025-05-01 09:45:00,,,-1.0,-107.5,SuperSignal_v7_PreMarket45_43,Sell to Close,Sell to Close,Close,,4.04,-111.54,-107.5,Unknown,Unknown
204,,2025-05-02 08:45:00,,,1.0,-175.0,SuperSignal_v7_PreMarket45_43,Buy to Close,Buy to Close,Close,,4.04,-179.04,-175.0,Unknown,Unknown
206,,2025-05-05 10:15:00,,,1.0,-100.0,SuperSignal_v7_PreMarket45_43,Buy to Close,Buy to Close,Close,,4.04,-104.04,-100.0,Unknown,Unknown
208,,2025-05-06 11:00:00,,,1.0,-73.75,SuperSignal_v7_PreMarket45_43,Buy to Close,Buy to Close,Close,,4.04,-77.79,-73.75,Unknown,Unknown
210,,2025-05-07 08:30:00,,,-1.0,-110.0,SuperSignal_v7_PreMarket45_43,Sell to Close,Sell to Close,Close,,4.04,-114.04,-110.0,Unknown,Unknown
212,,2025-05-08 08:45:00,,,-1.0,-103.75,SuperSignal_v7_PreMarket45_43,Sell to Close,Sell to Close,Close,,4.04,-107.79,-103.75,Unknown,Unknown
214,,2025-05-09 07:30:00,,,-1.0,-83.75,SuperSignal_v7_PreMarket45_43,Sell to Close,Sell to Close,Close,,4.04,-87.79,-83.75,Unknown,Unknown
216,,2025-05-11 18:00:00,,,-1.0,-105.0,SuperSignal_v7_PreMarket45_43,Sell to Close,Sell to Close,Close,,4.04,-109.04,-105.0,Unknown,Unknown
218,,2025-05-12 09:45:00,,,-1.0,-161.25,SuperSignal_v7_PreMarket45_43,Sell to Close,Sell to Close,Close,,4.04,-165.29,-161.25,Unknown,Unknown
220,,2025-05-13 08:30:00,,,-1.0,83.75,SuperSignal_v7_PreMarket45_43,Sell to Close,Sell to Close,Close,,4.04,79.71,83.75,Unknown,Unknown
222,,2025-05-14 07:45:00,,,1.0,-107.5,SuperSignal_v7_PreMarket45_43,Buy to Close,Buy to Close,Close,,4.04,-111.54,-107.5,Unknown,Unknown
224,,2025-05-15 10:15:00,,,1.0,-131.25,SuperSignal_v7_PreMarket45_43,Buy to Close,Buy to Close,Close,,4.04,-135.29,-131.25,Unknown,Unknown
226,,2025-05-16 10:45:00,,,-1.0,-66.25,SuperSignal_v7_PreMarket45_43,Sell to Close,Sell to Close,Close,,4.04,-70.29,-66.25,Unknown,Unknown
228,,2025-05-19 09:45:00,,,1.0,-132.5,SuperSignal_v7_PreMarket45_43,Buy to Close,Buy to Close,Close,,4.04,-136.54,-132.5,Unknown,Unknown
230,,2025-05-21 11:30:00,,,1.0,-181.25,SuperSignal_v7_PreMarket45_43,Buy to Close,Buy to Close,Close,,4.04,-185.29,-181.25,Unknown,Unknown
232,,2025-05-22 08:30:00,,,1.0,127.5,SuperSignal_v7_PreMarket45_43,Buy to Close,Buy to Close,Close,,4.04,123.46,127.5,Unknown,Unknown
234,,2025-05-23 07:45:00,,,1.0,195.0,SuperSignal_v7_PreMarket45_43,Buy to Close,Buy to Close,Close,,4.04,190.96,195.0,Unknown,Unknown
236,,2025-05-25 18:00:00,,,1.0,-156.25,SuperSignal_v7_PreMarket45_43,Buy to Close,Buy to Close,Close,,4.04,-160.29,-156.25,Unknown,Unknown
238,,2025-05-26 21:45:00,,,-1.0,-117.5,SuperSignal_v7_PreMarket45_43,Sell to Close,Sell to Close,Close,,4.04,-121.54,-117.5,Unknown,Unknown
240,,2025-05-27 09:30:00,,,-1.0,-107.5,SuperSignal_v7_PreMarket45_43,Sell to Close,Sell to Close,Close,,4.04,-111.54,-107.5,Unknown,Unknown
242,,2025-05-28 06:45:00,,,1.0,-76.25,SuperSignal_v7_PreMarket45_43,Buy to Close,Buy to Close,Close,,4.04,-80.29,-76.25,Unknown,Unknown
244,,2025-05-29 06:15:00,,,-1.0,-128.75,SuperSignal_v7_PreMarket45_43,Sell to Close,Sell to Close,Close,,4.04,-132.79,-128.75,Unknown,Unknown
246,,2025-05-30 08:15:00,,,-1.0,-101.25,SuperSignal_v7_PreMarket45_43,Sell to Close,Sell to Close,Close,,4.04,-105.29,-101.25,Unknown,Unknown
248,,2025-06-02 10:15:00,,,-1.0,-107.5,SuperSignal_v7_PreMarket45_43,Sell to Close,Sell to Close,Close,,4.04,-111.54,-107.5,Unknown,Unknown
250,,2025-06-03 09:45:00,,,-1.0,98.75,SuperSignal_v7_PreMarket45_43,Sell to Close,Sell to Close,Close,,4.04,94.71,98.75,Unknown,Unknown
252,,2025-06-04 08:30:00,,,-1.0,-51.25,SuperSignal_v7_PreMarket45_43,Sell to Close,Sell to Close,Close,,4.04,-55.29,-51.25,Unknown,Unknown
254,,2025-06-08 18:00:00,,,-1.0,75.0,SuperSignal_v7_PreMarket45_43,Sell to Close,Sell to Close,Close,,4.04,70.96,75.0,Unknown,Unknown
256,,2025-06-09 13:00:00,,,-1.0,61.25,SuperSignal_v7_PreMarket45_43,Sell to Close,Sell to Close,Close,,4.04,57.21,61.25,Unknown,Unknown
258,,2025-06-10 13:15:00,,,-1.0,93.75,SuperSignal_v7_PreMarket45_43,Sell to Close,Sell to Close,Close,,4.04,89.71,93.75,Unknown,Unknown
260,,2025-06-11 08:45:00,,,-1.0,103.75,SuperSignal_v7_PreMarket45_43,Sell to Close,Sell to Close,Close,,4.04,99.71,103.75,Unknown,Unknown
262,,2025-06-12 10:00:00,,,1.0,-130.0,SuperSignal_v7_PreMarket45_43,Buy to Close,Buy to Close,Close,,4.04,-134.04,-130.0,Unknown,Unknown
264,,2025-06-13 11:30:00,,,-1.0,155.0,SuperSignal_v7_PreMarket45_43,Sell to Close,Sell to Close,Close,,4.04,150.96,155.0,Unknown,Unknown
266,,2025-06-16 10:00:00,,,-1.0,97.5,SuperSignal_v7_PreMarket45_43,Sell to Close,Sell to Close,Close,,4.04,93.46,97.5,Unknown,Unknown
268,,2025-06-18 10:15:00,,,1.0,-130.0,SuperSignal_v7_PreMarket45_43,Buy to Close,Buy to Close,Close,,4.04,-134.04,-130.0,Unknown,Unknown
270,,2025-06-19 10:00:00,,,1.0,120.0,SuperSignal_v7_PreMarket45_43,Buy to Close,Buy to Close,Close,,4.04,115.96,120.0,Unknown,Unknown
272,,2025-06-20 09:30:00,,,-1.0,160.0,SuperSignal_v7_PreMarket45_43,Sell to Close,Sell to Close,Close,,4.04,155.96,160.0,Unknown,Unknown
274,,2025-06-25 13:15:00,,,-1.0,-65.0,SuperSignal_v7_PreMarket45_43,Sell to Close,Sell to Close,Close,,4.04,-69.04,-65.0,Unknown,Unknown
276,,2025-06-26 12:15:00,,,-1.0,82.5,SuperSignal_v7_PreMarket45_43,Sell to Close,Sell to Close,Close,,4.04,78.46,82.5,Unknown,Unknown
278,,2025-06-27 09:15:00,,,-1.0,-60.0,SuperSignal_v7_PreMarket45_43,Sell to Close,Sell to Close,Close,,4.04,-64.04,-60.0,Unknown,Unknown
280,,2025-06-30 09:00:00,,,-1.0,-45.0,SuperSignal_v7_PreMarket45_43,Sell to Close,Sell to Close,Close,,4.04,-49.04,-45.0,Unknown,Unknown
282,,2025-07-01 10:15:00,,,1.0,-73.75,SuperSignal_v7_PreMarket45_43,Buy to Close,Buy to Close,Close,,4.04,-77.79,-73.75,Unknown,Unknown
284,,2025-07-02 08:30:00,,,1.0,55.0,SuperSignal_v7_PreMarket45_43,Buy to Close,Buy to Close,Close,,4.04,50.96,55.0,Unknown,Unknown
286,,2025-07-03 08:45:00,,,1.0,-61.25,SuperSignal_v7_PreMarket45_43,Buy to Close,Buy to Close,Close,,4.04,-65.29,-61.25,Unknown,Unknown
288,,2025-07-03 10:15:00,,,-1.0,136.25,SuperSignal_v7_PreMarket45_43,Sell to Close,Sell to Close,Close,,4.04,132.21,136.25,Unknown,Unknown
290,,2025-07-06 18:15:00,,,1.0,-43.75,SuperSignal_v7_PreMarket45_43,Buy to Close,Buy to Close,Close,,4.04,-47.79,-43.75,Unknown,Unknown
292,,2025-07-07 10:30:00,,,-1.0,-62.5,SuperSignal_v7_PreMarket45_43,Sell to Close,Sell to Close,Close,,4.04,-66.54,-62.5,Unknown,Unknown
294,,2025-07-09 09:30:00,,,-1.0,91.25,SuperSignal_v7_PreMarket45_43,Sell to Close,Sell to Close,Close,,4.04,87.21,91.25,Unknown,Unknown
296,,2025-07-10 08:00:00,,,-1.0,55.0,SuperSignal_v7_PreMarket45_43,Sell to Close,Sell to Close,Close,,4.04,50.96,55.0,Unknown,Unknown
298,,2025-07-10 13:15:00,,,-1.0,96.25,SuperSignal_v7_PreMarket45_43,Sell to Close,Sell to Close,Close,,4.04,92.21,96.25,Unknown,Unknown
300,,2025-07-11 10:30:00,,,1.0,-92.5,SuperSignal_v7_PreMarket45_43,Buy to Close,Buy to Close,Close,,4.04,-96.54,-92.5,Unknown,Unknown
302,,2025-07-14 09:30:00,,,-1.0,82.5,SuperSignal_v7_PreMarket45_43,Sell to Close,Sell to Close,Close,,4.04,78.46,82.5,Unknown,Unknown
304,,2025-07-15 08:30:00,,,-1.0,-55.0,SuperSignal_v7_PreMarket45_43,Sell to Close,Sell to Close,Close,,4.04,-59.04,-55.0,Unknown,Unknown
306,,2025-07-15 11:00:00,,,-1.0,-141.25,SuperSignal_v7_PreMarket45_43,Sell to Close,Sell to Close,Close,,4.04,-145.29,-141.25,Unknown,Unknown
308,,2025-07-16 08:45:00,,,-1.0,58.75,SuperSignal_v7_PreMarket45_43,Sell to Close,Sell to Close,Close,,4.04,54.71,58.75,Unknown,Unknown
310,,2025-07-17 09:00:00,,,1.0,-68.75,SuperSignal_v7_PreMarket45_43,Buy to Close,Buy to Close,Close,,4.04,-72.79,-68.75,Unknown,Unknown
312,,2025-07-18 09:15:00,,,1.0,-50.0,SuperSignal_v7_PreMarket45_43,Buy to Close,Buy to Close,Close,,4.04,-54.04,-50.0,Unknown,Unknown
314,,2025-07-21 09:45:00,,,1.0,-53.75,SuperSignal_v7_PreMarket45_43,Buy to Close,Buy to Close,Close,,4.04,-57.79,-53.75,Unknown,Unknown
316,,2025-07-22 08:15:00,,,1.0,-50.0,SuperSignal_v7_PreMarket45_43,Buy to Close,Buy to Close,Close,,4.04,-54.04,-50.0,Unknown,Unknown
318,,2025-07-23 10:00:00,,,-1.0,-73.75,SuperSignal_v7_PreMarket45_43,Sell to Close,Sell to Close,Close,,4.04,-77.79,-73.75,Unknown,Unknown
320,,2025-07-24 18:00:00,,,-1.0,20.0,SuperSignal_v7_PreMarket45_43,Sell to Close,Sell to Close,Close,,4.04,15.96,20.0,Unknown,Unknown
322,,2025-07-28 09:15:00,,,1.0,50.0,SuperSignal_v7_PreMarket45_43,Buy to Close,Buy to Close,Close,,4.04,45.96,50.0,Unknown,Unknown
324,,2025-07-29 10:00:00,,,-1.0,-42.5,SuperSignal_v7_PreMarket45_43,Sell to Close,Sell to Close,Close,,4.04,-46.54,-42.5,Unknown,Unknown
326,,2025-07-31 10:00:00,,,1.0,96.25,SuperSignal_v7_PreMarket45_43,Buy to Close,Buy to Close,Close,,4.04,92.21,96.25,Unknown,Unknown
328,,2025-08-01 08:45:00,,,1.0,-92.5,SuperSignal_v7_PreMarket45_43,Buy to Close,Buy to Close,Close,,4.04,-96.54,-92.5,Unknown,Unknown
330,,2025-08-01 10:00:00,,,1.0,222.5,SuperSignal_v7_PreMarket45_43,Buy to Close,Buy to Close,Close,,4.04,218.46,222.5,Unknown,Unknown
332,,2025-08-04 09:45:00,,,-1.0,76.25,SuperSignal_v7_PreMarket45_43,Sell to Close,Sell to Close,Close,,4.04,72.21,76.25,Unknown,Unknown
334,,2025-08-05 10:30:00,,,1.0,103.75,SuperSignal_v7_PreMarket45_43,Buy to Close,Buy to Close,Close,,4.04,99.71,103.75,Unknown,Unknown
336,,2025-08-06 11:00:00,,,1.0,-91.25,SuperSignal_v7_PreMarket45_43,Buy to Close,Buy to Close,Close,,4.04,-95.29,-91.25,Unknown,Unknown
338,,2025-08-07 06:30:00,,,-1.0,112.5,SuperSignal_v7_PreMarket45_43,Sell to Close,Sell to Close,Close,,4.04,108.46,112.5,Unknown,Unknown
340,,2025-08-07 10:15:00,,,-1.0,-91.25,SuperSignal_v7_PreMarket45_43,Sell to Close,Sell to Close,Close,,4.04,-95.29,-91.25,Unknown,Unknown
342,,2025-08-08 08:30:00,,,-1.0,-23.75,SuperSignal_v7_PreMarket45_43,Sell to Close,Sell to Close,Close,,4.04,-27.79,-23.75,Unknown,Unknown
344,,2025-08-11 14:15:00,,,1.0,52.5,SuperSignal_v7_PreMarket45_43,Buy to Close,Buy to Close,Close,,4.04,48.46,52.5,Unknown,Unknown
346,,2025-08-12 08:45:00,,,1.0,-53.75,SuperSignal_v7_PreMarket45_43,Buy to Close,Buy to Close,Close,,4.04,-57.79,-53.75,Unknown,Unknown
348,,2025-08-13 09:45:00,,,-1.0,75.0,SuperSignal_v7_PreMarket45_43,Sell to Close,Sell to Close,Close,,4.04,70.96,75.0,Unknown,Unknown
350,,2025-08-14 08:45:00,,,-1.0,-46.25,SuperSignal_v7_PreMarket45_43,Sell to Close,Sell to Close,Close,,4.04,-50.29,-46.25,Unknown,Unknown
352,,2025-08-15 10:00:00,,,1.0,42.5,SuperSignal_v7_PreMarket45_43,Buy to Close,Buy to Close,Close,,4.04,38.46,42.5,Unknown,Unknown
354,,2025-08-19 09:45:00,,,-1.0,-45.0,SuperSignal_v7_PreMarket45_43,Sell to Close,Sell to Close,Close,,4.04,-49.04,-45.0,Unknown,Unknown
356,,2025-08-20 07:15:00,,,1.0,-73.75,SuperSignal_v7_PreMarket45_43,Buy to Close,Buy to Close,Close,,4.04,-77.79,-73.75,Unknown,Unknown
358,,2025-08-20 10:00:00,,,-1.0,-83.75,SuperSignal_v7_PreMarket45_43,Sell to Close,Sell to Close,Close,,4.04,-87.79,-83.75,Unknown,Unknown
360,,2025-08-21 10:00:00,,,1.0,105.0,SuperSignal_v7_PreMarket45_43,Buy to Close,Buy to Close,Close,,4.04,100.96,105.0,Unknown,Unknown
362,,2025-08-22 09:45:00,,,-1.0,80.0,SuperSignal_v7_PreMarket45_43,Sell to Close,Sell to Close,Close,,4.04,75.96,80.0,Unknown,Unknown
364,,2025-08-25 10:15:00,,,1.0,-26.25,SuperSignal_v7_PreMarket45_43,Buy to Close,Buy to Close,Close,,4.04,-30.29,-26.25,Unknown,Unknown
366,,2025-08-26 15:00:00,,,-1.0,85.0,SuperSignal_v7_PreMarket45_43,Sell to Close,Sell to Close,Close,,4.04,80.96,85.0,Unknown,Unknown
368,,2025-08-27 11:15:00,,,1.0,-96.25,SuperSignal_v7_PreMarket45_43,Buy to Close,Buy to Close,Close,,4.04,-100.29,-96.25,Unknown,Unknown
370,,2025-08-29 05:15:00,,,1.0,57.5,SuperSignal_v7_PreMarket45_43,Buy to Close,Buy to Close,Close,,4.04,53.46,57.5,Unknown,Unknown
372,,2025-08-29 10:00:00,,,1.0,53.75,SuperSignal_v7_PreMarket45_43,Buy to Close,Buy to Close,Close,,4.04,49.71,53.75,Unknown,Unknown
